7.482659999999999867e-01 0.000000000000000000e+00
7.485342461230615196e-01 0.000000000000000000e+00
7.488024922461230526e-01 0.000000000000000000e+00
7.490707383691845855e-01 0.000000000000000000e+00
7.493389844922461185e-01 0.000000000000000000e+00
7.496072306153076514e-01 0.000000000000000000e+00
7.498754767383691844e-01 0.000000000000000000e+00
7.501437228614307173e-01 0.000000000000000000e+00
7.504119689844922503e-01 0.000000000000000000e+00
7.506802151075537832e-01 0.000000000000000000e+00
7.509484612306153162e-01 0.000000000000000000e+00
7.512167073536768491e-01 0.000000000000000000e+00
7.514849534767383821e-01 0.000000000000000000e+00
7.517531995997999150e-01 0.000000000000000000e+00
7.520214457228614480e-01 0.000000000000000000e+00
7.522896918459229809e-01 0.000000000000000000e+00
7.525579379689845139e-01 0.000000000000000000e+00
7.528261840920460468e-01 0.000000000000000000e+00
7.530944302151075798e-01 0.000000000000000000e+00
7.533626763381691127e-01 0.000000000000000000e+00
7.536309224612306457e-01 0.000000000000000000e+00
7.538991685842921786e-01 0.000000000000000000e+00
7.541674147073537116e-01 0.000000000000000000e+00
7.544356608304152445e-01 0.000000000000000000e+00
7.547039069534767775e-01 0.000000000000000000e+00
7.549721530765383104e-01 0.000000000000000000e+00
7.552403991995998433e-01 0.000000000000000000e+00
7.555086453226612653e-01 0.000000000000000000e+00
7.557768914457227982e-01 0.000000000000000000e+00
7.560451375687843312e-01 0.000000000000000000e+00
7.563133836918458641e-01 0.000000000000000000e+00
7.565816298149073971e-01 0.000000000000000000e+00
7.568498759379689300e-01 0.000000000000000000e+00
7.571181220610304630e-01 0.000000000000000000e+00
7.573863681840919959e-01 0.000000000000000000e+00
7.576546143071535289e-01 0.000000000000000000e+00
7.579228604302150618e-01 0.000000000000000000e+00
7.581911065532765948e-01 0.000000000000000000e+00
7.584593526763381277e-01 0.000000000000000000e+00
7.587275987993996607e-01 0.000000000000000000e+00
7.589958449224611936e-01 0.000000000000000000e+00
7.592640910455227266e-01 0.000000000000000000e+00
7.595323371685842595e-01 0.000000000000000000e+00
7.598005832916457924e-01 0.000000000000000000e+00
7.600688294147073254e-01 0.000000000000000000e+00
7.603370755377688583e-01 0.000000000000000000e+00
7.606053216608303913e-01 0.000000000000000000e+00
7.608735677838919242e-01 0.000000000000000000e+00
7.611418139069534572e-01 0.000000000000000000e+00
7.614100600300149901e-01 0.000000000000000000e+00
7.616783061530765231e-01 0.000000000000000000e+00
7.619465522761380560e-01 0.000000000000000000e+00
7.622147983991995890e-01 0.000000000000000000e+00
7.624830445222611219e-01 0.000000000000000000e+00
7.627512906453226549e-01 0.000000000000000000e+00
7.630195367683841878e-01 0.000000000000000000e+00
7.632877828914457208e-01 0.000000000000000000e+00
7.635560290145072537e-01 0.000000000000000000e+00
7.638242751375687867e-01 0.000000000000000000e+00
7.640925212606303196e-01 0.000000000000000000e+00
7.643607673836918526e-01 0.000000000000000000e+00
7.646290135067533855e-01 0.000000000000000000e+00
7.648972596298149185e-01 0.000000000000000000e+00
7.651655057528764514e-01 0.000000000000000000e+00
7.654337518759379844e-01 0.000000000000000000e+00
7.657019979989995173e-01 0.000000000000000000e+00
7.659702441220610503e-01 0.000000000000000000e+00
7.662384902451225832e-01 0.000000000000000000e+00
7.665067363681841162e-01 0.000000000000000000e+00
7.667749824912456491e-01 0.000000000000000000e+00
7.670432286143071821e-01 0.000000000000000000e+00
7.673114747373687150e-01 0.000000000000000000e+00
7.675797208604302480e-01 0.000000000000000000e+00
7.678479669834917809e-01 0.000000000000000000e+00
7.681162131065533138e-01 0.000000000000000000e+00
7.683844592296148468e-01 0.000000000000000000e+00
7.686527053526763797e-01 0.000000000000000000e+00
7.689209514757379127e-01 0.000000000000000000e+00
7.691891975987994456e-01 0.000000000000000000e+00
7.694574437218608676e-01 0.000000000000000000e+00
7.697256898449224005e-01 0.000000000000000000e+00
7.699939359679839335e-01 0.000000000000000000e+00
7.702621820910454664e-01 0.000000000000000000e+00
7.705304282141069994e-01 0.000000000000000000e+00
7.707986743371685323e-01 0.000000000000000000e+00
7.710669204602300653e-01 0.000000000000000000e+00
7.713351665832915982e-01 0.000000000000000000e+00
7.716034127063531312e-01 0.000000000000000000e+00
7.718716588294146641e-01 0.000000000000000000e+00
7.721399049524761971e-01 0.000000000000000000e+00
7.724081510755377300e-01 0.000000000000000000e+00
7.726763971985992629e-01 0.000000000000000000e+00
7.729446433216607959e-01 0.000000000000000000e+00
7.732128894447223288e-01 0.000000000000000000e+00
7.734811355677838618e-01 0.000000000000000000e+00
7.737493816908453947e-01 0.000000000000000000e+00
7.740176278139069277e-01 0.000000000000000000e+00
7.742858739369684606e-01 0.000000000000000000e+00
7.745541200600299936e-01 0.000000000000000000e+00
7.748223661830915265e-01 0.000000000000000000e+00
7.750906123061530595e-01 0.000000000000000000e+00
7.753588584292145924e-01 0.000000000000000000e+00
7.756271045522761254e-01 0.000000000000000000e+00
7.758953506753376583e-01 0.000000000000000000e+00
7.761635967983991913e-01 0.000000000000000000e+00
7.764318429214607242e-01 0.000000000000000000e+00
7.767000890445222572e-01 0.000000000000000000e+00
7.769683351675837901e-01 0.000000000000000000e+00
7.772365812906453231e-01 0.000000000000000000e+00
7.775048274137068560e-01 0.000000000000000000e+00
7.777730735367683890e-01 0.000000000000000000e+00
7.780413196598299219e-01 0.000000000000000000e+00
7.783095657828914549e-01 0.000000000000000000e+00
7.785778119059529878e-01 0.000000000000000000e+00
7.788460580290145208e-01 0.000000000000000000e+00
7.791143041520760537e-01 0.000000000000000000e+00
7.793825502751375867e-01 0.000000000000000000e+00
7.796507963981991196e-01 0.000000000000000000e+00
7.799190425212606526e-01 0.000000000000000000e+00
7.801872886443221855e-01 0.000000000000000000e+00
7.804555347673837185e-01 0.000000000000000000e+00
7.807237808904452514e-01 0.000000000000000000e+00
7.809920270135067843e-01 0.000000000000000000e+00
7.812602731365683173e-01 0.000000000000000000e+00
7.815285192596298502e-01 0.000000000000000000e+00
7.817967653826913832e-01 0.000000000000000000e+00
7.820650115057529161e-01 0.000000000000000000e+00
7.823332576288144491e-01 0.000000000000000000e+00
7.826015037518759820e-01 0.000000000000000000e+00
7.828697498749375150e-01 0.000000000000000000e+00
7.831379959979989369e-01 0.000000000000000000e+00
7.834062421210605809e-01 0.000000000000000000e+00
7.836744882441220028e-01 0.000000000000000000e+00
7.839427343671835358e-01 0.000000000000000000e+00
7.842109804902450687e-01 0.000000000000000000e+00
7.844792266133066017e-01 0.000000000000000000e+00
7.847474727363681346e-01 0.000000000000000000e+00
7.850157188594296676e-01 0.000000000000000000e+00
7.852839649824912005e-01 0.000000000000000000e+00
7.855522111055527334e-01 0.000000000000000000e+00
7.858204572286142664e-01 0.000000000000000000e+00
7.860887033516757993e-01 0.000000000000000000e+00
7.863569494747373323e-01 0.000000000000000000e+00
7.866251955977988652e-01 0.000000000000000000e+00
7.868934417208603982e-01 0.000000000000000000e+00
7.871616878439219311e-01 0.000000000000000000e+00
7.874299339669834641e-01 0.000000000000000000e+00
7.876981800900449970e-01 0.000000000000000000e+00
7.879664262131065300e-01 0.000000000000000000e+00
7.882346723361680629e-01 0.000000000000000000e+00
7.885029184592295959e-01 0.000000000000000000e+00
7.887711645822911288e-01 0.000000000000000000e+00
7.890394107053526618e-01 0.000000000000000000e+00
7.893076568284141947e-01 0.000000000000000000e+00
7.895759029514757277e-01 0.000000000000000000e+00
7.898441490745372606e-01 0.000000000000000000e+00
7.901123951975987936e-01 0.000000000000000000e+00
7.903806413206603265e-01 0.000000000000000000e+00
7.906488874437218595e-01 0.000000000000000000e+00
7.909171335667833924e-01 0.000000000000000000e+00
7.911853796898449254e-01 0.000000000000000000e+00
7.914536258129064583e-01 0.000000000000000000e+00
7.917218719359679913e-01 0.000000000000000000e+00
7.919901180590295242e-01 0.000000000000000000e+00
7.922583641820910572e-01 0.000000000000000000e+00
7.925266103051525901e-01 0.000000000000000000e+00
7.927948564282141231e-01 0.000000000000000000e+00
7.930631025512756560e-01 0.000000000000000000e+00
7.933313486743371890e-01 0.000000000000000000e+00
7.935995947973987219e-01 0.000000000000000000e+00
7.938678409204602548e-01 0.000000000000000000e+00
7.941360870435217878e-01 0.000000000000000000e+00
7.944043331665833207e-01 0.000000000000000000e+00
7.946725792896448537e-01 0.000000000000000000e+00
7.949408254127063866e-01 0.000000000000000000e+00
7.952090715357679196e-01 0.000000000000000000e+00
7.954773176588294525e-01 0.000000000000000000e+00
7.957455637818909855e-01 0.000000000000000000e+00
7.960138099049525184e-01 0.000000000000000000e+00
7.962820560280140514e-01 0.000000000000000000e+00
7.965503021510755843e-01 0.000000000000000000e+00
7.968185482741371173e-01 0.000000000000000000e+00
7.970867943971986502e-01 0.000000000000000000e+00
7.973550405202600722e-01 0.000000000000000000e+00
7.976232866433217161e-01 0.000000000000000000e+00
7.978915327663831381e-01 0.000000000000000000e+00
7.981597788894446710e-01 0.000000000000000000e+00
7.984280250125062040e-01 0.000000000000000000e+00
7.986962711355677369e-01 0.000000000000000000e+00
7.989645172586292698e-01 1.254129086895743580e-19
7.992327633816908028e-01 2.508258173791487160e-19
7.995010095047523357e-01 3.762387260687230981e-19
7.997692556278138687e-01 5.016516347582974320e-19
8.000375017508754016e-01 6.270645434478717660e-19
8.003057478739369346e-01 7.524774521374460999e-19
8.005739939969984675e-01 1.003303269516594864e-18
8.008422401200600005e-01 1.254129086895743532e-18
8.011104862431215334e-01 1.630367812964466534e-18
8.013787323661830664e-01 2.006606539033189728e-18
8.016469784892445993e-01 2.508258173791487064e-18
8.019152246123061323e-01 3.135322717239359119e-18
8.021834707353676652e-01 3.887800169376805122e-18
8.024517168584291982e-01 4.765690530203826230e-18
8.027199629814907311e-01 5.894406708409995236e-18
8.029882091045522641e-01 7.273948703995312909e-18
8.032564552276137970e-01 8.904316516959779250e-18
8.035247013506753300e-01 1.091092305599296859e-17
8.037929474737368629e-01 1.341918122978445681e-17
8.040611935967983959e-01 1.642909103833424391e-17
8.043294397198599288e-01 2.006606539033189959e-17
8.045976858429214618e-01 2.445551719446700436e-17
8.048659319659829947e-01 2.984827226811870380e-17
8.051341780890445277e-01 3.636974351997656917e-17
8.054024242121060606e-01 4.427075676741975529e-17
8.056706703351675936e-01 5.380213782782741083e-17
8.059389164582291265e-01 6.534012542726824955e-17
8.062071625812906595e-01 7.938637120050057495e-17
8.064754087043521924e-01 9.631711387359311312e-17
8.067436548274137254e-01 1.168848308986833162e-16
8.070119009504752583e-01 1.417165868192190405e-16
8.072801470735367912e-01 1.716902719960273217e-16
8.075483931965983242e-01 2.079346026073142888e-16
8.078166393196598571e-01 2.515782948312861693e-16
8.080848854427213901e-01 3.042517164809073773e-16
8.083531315657829230e-01 3.677106482778320334e-16
8.086213776888444560e-01 4.442125225784723463e-16
8.088896238119059889e-01 5.362655975566198396e-16
8.091578699349675219e-01 6.470051959295140288e-16
8.094261160580290548e-01 7.800682920491524680e-16
8.096943621810905878e-01 9.399697506283598701e-16
8.099626083041521207e-01 1.131976913832098203e-15
8.102308544272136537e-01 1.362360427094846202e-15
8.104991005502751866e-01 1.638645064937978586e-15
8.107673466733367196e-01 1.969860556787144189e-15
8.110355927963981415e-01 2.366666999880957740e-15
8.113038389194597855e-01 2.841731097997065526e-15
8.115720850425212074e-01 3.410102400178216198e-15
8.118403311655828514e-01 4.089840365275709396e-15
8.121085772886442733e-01 4.902139774858082009e-15
8.123768234117059173e-01 5.872334036480629376e-15
8.126450695347673392e-01 7.030396835320158992e-15
8.129133156578288721e-01 8.411820024535820320e-15
8.131815617808904051e-01 1.005886775435600049e-14
8.134498079039519380e-01 1.202132894953045996e-14
8.137180540270134710e-01 1.435827309005198745e-14
8.139863001500750039e-01 1.713942975315198857e-14
8.142545462731365369e-01 2.044732063274820384e-14
8.145227923961980698e-01 2.437926614598373612e-14
8.147910385192596028e-01 2.905026993012693741e-14
8.150592846423211357e-01 3.459602875237991373e-14
8.153275307653826687e-01 4.117631865841318849e-14
8.155957768884442016e-01 4.897963524998719297e-14
8.158640230115057346e-01 5.822758313675640397e-14
8.161322691345672675e-01 6.918114658170383252e-14
8.164005152576288005e-01 8.214721097239284642e-14
8.166687613806903334e-01 9.748646383421469820e-14
8.169370075037518664e-01 1.156222991469053506e-13
8.172052536268133993e-01 1.370518536805103121e-13
8.174734997498749323e-01 1.623582974604360720e-13
8.177417458729364652e-01 1.922251308390408252e-13
8.180099919959979982e-01 2.274532406512161908e-13
8.182782381190595311e-01 2.689803392152340985e-13
8.185464842421210641e-01 3.179035386563110132e-13
8.188147303651825970e-01 3.755058130303412037e-13
8.190829764882441300e-01 4.432864736607085655e-13
8.193512226113056629e-01 5.229966609914455995e-13
8.196194687343671959e-01 6.166803546083751120e-13
8.198877148574287288e-01 7.267215284927770322e-13
8.201559609804902617e-01 8.558994581141210890e-13
8.204242071035517947e-01 1.007451928536046278e-12
8.206924532266133276e-01 1.185148851793760744e-12
8.209606993496748606e-01 1.393376418955773919e-12
8.212289454727363935e-01 1.637235423844307902e-12
8.214971915957979265e-01 1.922653256762758430e-12
8.217654377188594594e-01 2.256514083094913849e-12
8.220336838419209924e-01 2.646808084666294715e-12
8.223019299649825253e-01 3.102803275429061107e-12
8.225701760880440583e-01 3.635243528444831812e-12
8.228384222111055912e-01 4.256575197010686073e-12
8.231066683341671242e-01 4.981208725986690769e-12
8.233749144572286571e-01 5.825817385344398440e-12
8.236431605802901901e-01 6.809681026949565654e-12
8.239114067033517230e-01 7.955079504856714004e-12
8.241796528264132560e-01 9.287743534715864535e-12
8.244478989494747889e-01 1.083737051706598386e-11
8.247161450725363219e-01 1.263821460507036306e-11
8.249843911955978548e-01 1.472976142596537233e-11
8.252526373186592767e-01 1.715749824173271807e-11
8.255208834417209207e-01 1.997379372065390742e-11
8.257891295647823426e-01 2.323890111516685180e-11
8.260573756878439866e-01 2.702210227841893158e-11
8.263256218109054085e-01 3.140301032814955610e-11
8.265938679339670525e-01 3.647305340681288199e-11
8.268621140570284744e-01 4.233716186143837707e-11
8.271303601800900074e-01 4.911568756278546023e-11
8.273986063031515403e-01 5.694658320545775031e-11
8.276668524262130733e-01 6.598787808413356054e-11
8.279350985492746062e-01 7.642048583776554685e-11
8.282033446723361392e-01 8.845138893415828059e-11
8.284715907953976721e-01 1.023172465485253216e-10
8.287398369184592051e-01 1.182884798889898423e-10
8.290080830415207380e-01 1.366738951672247304e-10
8.292763291645822710e-01 1.578259104322480277e-10
8.295445752876438039e-01 1.821464628946609201e-10
8.298128214107053369e-01 2.100936791376093847e-10
8.300810675337668698e-01 2.421894022741507352e-10
8.303493136568284028e-01 2.790276805199783185e-10
8.306175597798899357e-01 3.212843328122059495e-10
8.308858059029514687e-01 3.697277216528115552e-10
8.311540520260130016e-01 4.252308766491071895e-10
8.314222981490745346e-01 4.887851284018683862e-10
8.316905442721360675e-01 5.615154310782795094e-10
8.319587903951976005e-01 6.446975708187861642e-10
8.322270365182591334e-01 7.397774780709046377e-10
8.324952826413206664e-01 8.483928875272687262e-10
8.327635287643821993e-01 9.723976127974100351e-10
8.330317748874437322e-01 1.113888733292690134e-09
8.333000210105052652e-01 1.275237021655381960e-09
8.335682671335667981e-01 1.459120974676854990e-09
8.338365132566283311e-01 1.668564846517915973e-09
8.341047593796898640e-01 1.906981127942176296e-09
8.343730055027513970e-01 2.178217955280033353e-09
8.346412516258129299e-01 2.486611986642992879e-09
8.349094977488744629e-01 2.837047333324050248e-09
8.351777438719359958e-01 3.235021194267213837e-09
8.354459899949975288e-01 3.686716904822777825e-09
8.357142361180590617e-01 4.199085179480396838e-09
8.359824822411205947e-01 4.779934405150132592e-09
8.362507283641821276e-01 5.438030921951298438e-09
8.365189744872436606e-01 6.183210317135898266e-09
8.367872206103051935e-01 7.026500855093813311e-09
8.370554667333667265e-01 7.980260268849279343e-09
8.373237128564282594e-01 9.058327252458529713e-09
8.375919589794897924e-01 1.027618911398944021e-08
8.378602051025513253e-01 1.165116718170168614e-08
8.381284512256128583e-01 1.320262169563054019e-08
8.383966973486743912e-01 1.495217807153690638e-08
8.386649434717359242e-01 1.692397658546723307e-08
8.389331895947974571e-01 1.914494770688362359e-08
8.392014357178589901e-01 2.164511549493885077e-08
8.394696818409204120e-01 2.445793167727033683e-08
8.397379279639820560e-01 2.762064324714974992e-08
8.400061740870434779e-01 3.117469664922163924e-08
8.402744202101051219e-01 3.516618187175503997e-08
8.405426663331665438e-01 3.964632002908188285e-08
8.408109124562280767e-01 4.467199830333590927e-08
8.410791585792896097e-01 5.030635641371543714e-08
8.413474047023511426e-01 5.661942910430635034e-08
8.416156508254126756e-01 6.368884948400411903e-08
8.418838969484742085e-01 7.160061841113097031e-08
8.421521430715357415e-01 8.044994550199231074e-08
8.424203891945972744e-01 9.034216774732388108e-08
8.426886353176588074e-01 1.013937521514998778e-07
8.429568814407203403e-01 1.137333892606080811e-07
8.432251275637818733e-01 1.275031849249514082e-07
8.434933736868434062e-01 1.428599581435632469e-07
8.437616198099049392e-01 1.599766533679424722e-07
8.440298659329664721e-01 1.790438761949092942e-07
8.442981120560280051e-01 2.002715619616522320e-07
8.445663581790895380e-01 2.238907873631613241e-07
8.448346043021510710e-01 2.501557358460786571e-07
8.451028504252126039e-01 2.793458281971848532e-07
8.453710965482741369e-01 3.117680304323785484e-07
8.456393426713356698e-01 3.477593518064834287e-07
8.459075887943972027e-01 3.876895465097975726e-07
8.461758349174587357e-01 4.319640333811886788e-07
8.464440810405202686e-01 4.810270487644139876e-07
8.467123271635818016e-01 5.353650484482719035e-07
8.469805732866433345e-01 5.955103754755990478e-07
8.472488194097048675e-01 6.620452114636979906e-07
8.475170655327664004e-01 7.356058299644497838e-07
8.477853116558279334e-01 8.168871712920722194e-07
8.480535577788894663e-01 9.066477591600016180e-07
8.483218039019509993e-01 1.005714980402188485e-06
8.485900500250125322e-01 1.114990749991444360e-06
8.488582961480740652e-01 1.235457584514840758e-06
8.491265422711355981e-01 1.368185108221680235e-06
8.493947883941971311e-01 1.514337016705932579e-06
8.496630345172586640e-01 1.675178524238158654e-06
8.499312806403201970e-01 1.852084321696780528e-06
8.501995267633817299e-01 2.046547072977231531e-06
8.504677728864432629e-01 2.260186478661249664e-06
8.507360190095047958e-01 2.494758936610983008e-06
8.510042651325663288e-01 2.752167830004129785e-06
8.512725112556278617e-01 3.034474474134741624e-06
8.515407573786893947e-01 3.343909754076746576e-06
8.518090035017509276e-01 3.682886486017075156e-06
8.520772496248124606e-01 4.054012535723825130e-06
8.523454957478739935e-01 4.460104728198438723e-06
8.526137418709355265e-01 4.904203583069424900e-06
8.528819879939970594e-01 5.389588910708036361e-06
8.531502341170584813e-01 5.919796304371150980e-06
8.534184802401201253e-01 6.498634563896189698e-06
8.536867263631815472e-01 7.130204086578371607e-06
8.539549724862431912e-01 7.818916260836058699e-06
8.542232186093046131e-01 8.569513898111358663e-06
8.544914647323662571e-01 9.387092738146348661e-06
8.547597108554276790e-01 1.027712406230628253e-05
8.550279569784892120e-01 1.124547844898650615e-05
8.552962031015507449e-01 1.229845070431927888e-05
8.555644492246122779e-01 1.344278600038757634e-05
8.558326953476738108e-01 1.468570725193537255e-05
8.561009414707353438e-01 1.603494376113537219e-05
8.563691875937968767e-01 1.749876115831856824e-05
8.566374337168584097e-01 1.908599266467597417e-05
8.569056798399199426e-01 2.080607170080532418e-05
8.571739259629814756e-01 2.266906586257762520e-05
8.574421720860430085e-01 2.468571228313665226e-05
8.577104182091045415e-01 2.686745439690818788e-05
8.579786643321660744e-01 2.922648011827699811e-05
8.582469104552276074e-01 3.177576144407847107e-05
8.585151565782891403e-01 3.452909548525045824e-05
8.587834027013506732e-01 3.750114692888194929e-05
8.590516488244122062e-01 4.070749192748698077e-05
8.593198949474737391e-01 4.416466340761302309e-05
8.595881410705352721e-01 4.789019778486426897e-05
8.598563871935968050e-01 5.190268306708582981e-05
8.601246333166583380e-01 5.622180832180786715e-05
8.603928794397198709e-01 6.086841447810174312e-05
8.606611255627814039e-01 6.586454642675097922e-05
8.609293716858429368e-01 7.123350637609932327e-05
8.611976178089044698e-01 7.699990841411319127e-05
8.614658639319660027e-01 8.318973422009942468e-05
8.617341100550275357e-01 8.983038986215925107e-05
8.620023561780890686e-01 9.695076360885840805e-05
8.622706023011506016e-01 1.045812846757624082e-04
8.625388484242121345e-01 1.127539828194461301e-04
8.628070945472736675e-01 1.215025486833628399e-04
8.630753406703352004e-01 1.308623947915692632e-04
8.633435867933967334e-01 1.408707170777814561e-04
8.636118329164582663e-01 1.515665568286046338e-04
8.638800790395197993e-01 1.629908629110772653e-04
8.641483251625813322e-01 1.751865541459192010e-04
8.644165712856428652e-01 1.881985816791225828e-04
8.646848174087043981e-01 2.020739911958003112e-04
8.649530635317659311e-01 2.168619848115582532e-04
8.652213096548274640e-01 2.326139824681182572e-04
8.654895557778889970e-01 2.493836826515430892e-04
8.657578019009505299e-01 2.672271222432359684e-04
8.660260480240120629e-01 2.862027353059647117e-04
8.662942941470735958e-01 3.063714105995319118e-04
8.665625402701351288e-01 3.277965476134396647e-04
8.668307863931966617e-01 3.505441108970161219e-04
8.670990325162581946e-01 3.746826824610494122e-04
8.673672786393196166e-01 4.002835120190522951e-04
8.676355247623812605e-01 4.274205648309174679e-04
8.679037708854426825e-01 4.561705669069574583e-04
8.681720170085043264e-01 4.866130473262497962e-04
8.684402631315657484e-01 5.188303774197918893e-04
8.687085092546273923e-01 5.529078065663877318e-04
8.689767553776888143e-01 5.889334943473390318e-04
8.692450015007503472e-01 6.269985388051062475e-04
8.695132476238118802e-01 6.671970005510236522e-04
8.697814937468734131e-01 7.096259224680832259e-04
8.700497398699349461e-01 7.543853447566864099e-04
8.703179859929964790e-01 8.015783150741851142e-04
8.705862321160580120e-01 8.513108935230177072e-04
8.708544782391195449e-01 9.036921522473189122e-04
8.711227243621810779e-01 9.588341694040803786e-04
8.713909704852426108e-01 1.016852017282267578e-03
8.716592166083041437e-01 1.077863744351795130e-03
8.719274627313656767e-01 1.141990351033926382e-03
8.721957088544272096e-01 1.209355758995502364e-03
8.724639549774887426e-01 1.280086773781426027e-03
8.727322011005502755e-01 1.354313040613030735e-03
8.730004472236118085e-01 1.432166993194313375e-03
8.732686933466733414e-01 1.513783795383535392e-03
8.735369394697348744e-01 1.599301275604322588e-03
8.738051855927964073e-01 1.688859853888137951e-03
8.740734317158579403e-01 1.782602461458796406e-03
8.743416778389194732e-01 1.880674452789505039e-03
8.746099239619810062e-01 1.983223510083704979e-03
8.748781700850425391e-01 2.090399540152691402e-03
8.751464162081040721e-01 2.202354563685552345e-03
8.754146623311656050e-01 2.319242596930296864e-03
8.756829084542271380e-01 2.441219525829119510e-03
8.759511545772886709e-01 2.568442972675413945e-03
8.762194007003502039e-01 2.701072155385389126e-03
8.764876468234117368e-01 2.839267739502831286e-03
8.767558929464732698e-01 2.983191683081584406e-03
8.770241390695348027e-01 3.133007074616622496e-03
8.772923851925963357e-01 3.288877964221040631e-03
8.775606313156578686e-01 3.450969188272769248e-03
8.778288774387194016e-01 3.619446187781226454e-03
8.780971235617809345e-01 3.794474820750352168e-03
8.783653696848424675e-01 3.976221168840381182e-03
8.786336158079040004e-01 4.164851338656204438e-03
8.789018619309655334e-01 4.360531258015091019e-03
8.791701080540270663e-01 4.563426467570835983e-03
8.794383541770885993e-01 4.773701908194867387e-03
8.797066003001501322e-01 4.991521704537403743e-03
8.799748464232116651e-01 5.217048945213301030e-03
8.802430925462731981e-01 5.450445460077630450e-03
8.805113386693346200e-01 5.691871595075117911e-03
8.807795847923962640e-01 5.941485985165404805e-03
8.810478309154576859e-01 6.199445325842264237e-03
8.813160770385193299e-01 6.465904143779779498e-03
8.815843231615807518e-01 6.741014567151324202e-03
8.818525692846423958e-01 7.024926096178685589e-03
8.821208154077038177e-01 7.317785374477886462e-03
8.823890615307654617e-01 7.619735961775999863e-03
8.826573076538268836e-01 7.930918108578589171e-03
8.829255537768885276e-01 8.251468533371114286e-03
8.831937998999499495e-01 8.581520202938850220e-03
8.834620460230115935e-01 8.921202116389390785e-03
8.837302921460730154e-01 9.270639093458684157e-03
8.839985382691345484e-01 9.629951567676812985e-03
8.842667843921960813e-01 9.999255384962218648e-03
8.845350305152576142e-01 1.037866160820389953e-02
8.848032766383191472e-01 1.076827632837942458e-02
8.850715227613806801e-01 1.116820048274297199e-02
8.853397688844422131e-01 1.157852968060169192e-02
8.856080150075037460e-01 1.199935403718093048e-02
8.858762611305652790e-01 1.243075801605885225e-02
8.861445072536268119e-01 1.287282028062923522e-02
8.864127533766883449e-01 1.332561355502746674e-02
8.866809994997498778e-01 1.378920449492931390e-02
8.869492456228114108e-01 1.426365356860483623e-02
8.872174917458729437e-01 1.474901494858107953e-02
8.874857378689344767e-01 1.524533641423694678e-02
8.877539839919960096e-01 1.575265926562205432e-02
8.880222301150575426e-01 1.627101824875862648e-02
8.882904762381190755e-01 1.680044149265147446e-02
8.885587223611806085e-01 1.734095045819645381e-02
8.888269684842421414e-01 1.789255989914191255e-02
8.890952146073036744e-01 1.845527783522154727e-02
8.893634607303652073e-01 1.902910553754016271e-02
8.896317068534267403e-01 1.961403752625670571e-02
8.898999529764882732e-01 2.021006158057162688e-02
8.901681990995498062e-01 2.081715876098822263e-02
8.904364452226113391e-01 2.143530344378040409e-02
8.907046913456728721e-01 2.206446336756234458e-02
8.909729374687344050e-01 2.270459969181900378e-02
8.912411835917959380e-01 2.335566706722054520e-02
8.915094297148574709e-01 2.401761371750857008e-02
8.917776758379190039e-01 2.469038153270778496e-02
8.920459219609805368e-01 2.537390617338348975e-02
8.923141680840420698e-01 2.606811718563322236e-02
8.925824142071036027e-01 2.677293812647016033e-02
8.928506603301651356e-01 2.748828669922655232e-02
8.931189064532266686e-01 2.821407489857764156e-02
8.933871525762882015e-01 2.895020916476039388e-02
8.936553986993497345e-01 2.969659054653710217e-02
8.939236448224112674e-01 3.045311487243114804e-02
8.941918909454728004e-01 3.121967292974178396e-02
8.944601370685343333e-01 3.199615065082608151e-02
8.947283831915957553e-01 3.278242930611951350e-02
8.949966293146573992e-01 3.357838570335225370e-02
8.952648754377188212e-01 3.438389239240585704e-02
8.955331215607804651e-01 3.519881787524473116e-02
8.958013676838418871e-01 3.602302682034878162e-02
8.960696138069035310e-01 3.685638028106790615e-02
8.963378599299649530e-01 3.769873591731501966e-02
8.966061060530265969e-01 3.854994822001316102e-02
8.968743521760880189e-01 3.940986873771246124e-02
8.971425982991496628e-01 4.027834630479593808e-02
8.974108444222110847e-01 4.115522727069732128e-02
8.976790905452727287e-01 4.204035572956137112e-02
8.979473366683341506e-01 4.293357374978565982e-02
8.982155827913956836e-01 4.383472160289330483e-02
8.984838289144572165e-01 4.474363799119880636e-02
8.987520750375187495e-01 4.566016027374285302e-02
8.990203211605802824e-01 4.658412468998808509e-02
8.992885672836418154e-01 4.751536658078461123e-02
8.995568134067033483e-01 4.845372060613303833e-02
8.998250595297648813e-01 4.939902095929242509e-02
9.000933056528264142e-01 5.035110157680200427e-02
9.003615517758879472e-01 5.130979634400732042e-02
9.006297978989494801e-01 5.227493929570494607e-02
9.008980440220110131e-01 5.324636481154371159e-02
9.011662901450725460e-01 5.422390780584515624e-02
9.014345362681340790e-01 5.520740391153112353e-02
9.017027823911956119e-01 5.619668965787241732e-02
9.019710285142571449e-01 5.719160264179817821e-02
9.022392746373186778e-01 5.819198169253244485e-02
9.025075207603802108e-01 5.919766702935044117e-02
9.027757668834417437e-01 6.020850041227378269e-02
9.030440130065032767e-01 6.122432528555030867e-02
9.033122591295648096e-01 6.224498691378997639e-02
9.035805052526263426e-01 6.327033251065455888e-02
9.038487513756878755e-01 6.430021136002402049e-02
9.041169974987494085e-01 6.533447492958728564e-02
9.043852436218109414e-01 6.637297697682981168e-02
9.046534897448724744e-01 6.741557364741343483e-02
9.049217358679340073e-01 6.846212356596731441e-02
9.051899819909955403e-01 6.951248791933051230e-02
9.054582281140570732e-01 7.056653053230815820e-02
9.057264742371186061e-01 7.162411793602301013e-02
9.059947203601801391e-01 7.268511942896364875e-02
9.062629664832416720e-01 7.374940713084869592e-02
9.065312126063032050e-01 7.481685602944337932e-02
9.067994587293647379e-01 7.588734402048061267e-02
9.070677048524262709e-01 7.696075194085398585e-02
9.073359509754878038e-01 7.803696359526310355e-02
9.076041970985493368e-01 7.911586577650471519e-02
9.078724432216108697e-01 8.019734827961388923e-02
9.081406893446724027e-01 8.128130391007017119e-02
9.084089354677339356e-01 8.236762848629188005e-02
9.086771815907954686e-01 8.345622083665008017e-02
9.089454277138568905e-01 8.454698279124008009e-02
9.092136738369185345e-01 8.563981916865387456e-02
9.094819199599799564e-01 8.673463775800138720e-02
9.097501660830416004e-01 8.783134929643147959e-02
9.100184122061030223e-01 8.892986744240626018e-02
9.102866583291646663e-01 9.003010874498343363e-02
9.105549044522260882e-01 9.113199260936148682e-02
9.108231505752877322e-01 9.223544125894211909e-02
9.110913966983491541e-01 9.334037969416295044e-02
9.113596428214107981e-01 9.444673564835090462e-02
9.116278889444722200e-01 9.555443954084372193e-02
9.118961350675338640e-01 9.666342442762330955e-02
9.121643811905952859e-01 9.777362594970007148e-02
9.124326273136568188e-01 9.888498227948194774e-02
9.127008734367183518e-01 9.999743406535666068e-02
9.129691195597798847e-01 1.011109243747091574e-01
9.132373656828414177e-01 1.022253986355892708e-01
9.135056118059029506e-01 1.033408045772381406e-01
9.137738579289644836e-01 1.044570921696738042e-01
9.140421040520260165e-01 1.055742135625287736e-01
9.143103501750875495e-01 1.066921230233246753e-01
9.145785962981490824e-01 1.078107768753598095e-01
9.148468424212106154e-01 1.089301334353783707e-01
9.151150885442721483e-01 1.100501529511799387e-01
9.153833346673336813e-01 1.111707975393203679e-01
9.156515807903952142e-01 1.122920311230457685e-01
9.159198269134567472e-01 1.134138193705928610e-01
9.161880730365182801e-01 1.145361296339799939e-01
9.164563191595798131e-01 1.156589308884047179e-01
9.167245652826413460e-01 1.167821936723549697e-01
9.169928114057028790e-01 1.179058900285327727e-01
9.172610575287644119e-01 1.190299934456808956e-01
9.175293036518259449e-01 1.201544788013945986e-01
9.177975497748874778e-01 1.212793223059933506e-01
9.180657958979490108e-01 1.224045014475187571e-01
9.183340420210105437e-01 1.235299949379184969e-01
9.186022881440720766e-01 1.246557826604678676e-01
9.188705342671336096e-01 1.257818456184746359e-01
9.191387803901951425e-01 1.269081658853052907e-01
9.194070265132566755e-01 1.280347265557650049e-01
9.196752726363182084e-01 1.291615116988576728e-01
9.199435187593797414e-01 1.302885063119458564e-01
9.202117648824412743e-01 1.314156962763259051e-01
9.204800110055028073e-01 1.325430683142279908e-01
9.207482571285643402e-01 1.336706099472457498e-01
9.210165032516258732e-01 1.347983094561962247e-01
9.212847493746874061e-01 1.359261558424057492e-01
9.215529954977489391e-01 1.370541387904148367e-01
9.218212416208104720e-01 1.381822486320898880e-01
9.220894877438720050e-01 1.393104763121274514e-01
9.223577338669335379e-01 1.404388133549333839e-01
9.226259799899949599e-01 1.415672518328559559e-01
9.228942261130566038e-01 1.426957843357503641e-01
9.231624722361180257e-01 1.438244039418492548e-01
9.234307183591796697e-01 1.449531041899118911e-01
9.236989644822410916e-01 1.460818790526232092e-01
9.239672106053027356e-01 1.472107229112122329e-01
9.242354567283641575e-01 1.483396305312579266e-01
9.245037028514258015e-01 1.494685970396499308e-01
9.247719489744872234e-01 1.505976179026699557e-01
9.250401950975488674e-01 1.517266889051600565e-01
9.253084412206102893e-01 1.528558061307420113e-01
9.255766873436719333e-01 1.539849659430531370e-01
9.258449334667333552e-01 1.551141649679627088e-01
9.261131795897948882e-01 1.562434000767330411e-01
9.263814257128564211e-01 1.573726683700904239e-01
9.266496718359179541e-01 1.585019671631695826e-01
9.269179179589794870e-01 1.596312939712972723e-01
9.271861640820410200e-01 1.607606464965799509e-01
9.274544102051025529e-01 1.618900226152613364e-01
9.277226563281640859e-01 1.630194203658161534e-01
9.279909024512256188e-01 1.641488379377469831e-01
9.282591485742871518e-01 1.652782736610519942e-01
9.285273946973486847e-01 1.664077259963316624e-01
9.287956408204102177e-01 1.675371935255039468e-01
9.290638869434717506e-01 1.686666749430976164e-01
9.293321330665332836e-01 1.697961690480950525e-01
9.296003791895948165e-01 1.709256747362957463e-01
9.298686253126563495e-01 1.720551909931736789e-01
9.301368714357178824e-01 1.731847168872019671e-01
9.304051175587794154e-01 1.743142515636193768e-01
9.306733636818409483e-01 1.754437942386143090e-01
9.309416098049024813e-01 1.765733441939026649e-01
9.312098559279640142e-01 1.777029007716769693e-01
9.314781020510255471e-01 1.788324633699054644e-01
9.317463481740870801e-01 1.799620314379598296e-01
9.320145942971486130e-01 1.810916044725525420e-01
9.322828404202101460e-01 1.822211820139643390e-01
9.325510865432716789e-01 1.833507636425442122e-01
9.328193326663332119e-01 1.844803489754646697e-01
9.330875787893947448e-01 1.856099376637161402e-01
9.333558249124562778e-01 1.867395293893247543e-01
9.336240710355178107e-01 1.878691238627794302e-01
9.338923171585793437e-01 1.889987208206539149e-01
9.341605632816408766e-01 1.901283200234108739e-01
9.344288094047024096e-01 1.912579212533755957e-01
9.346970555277639425e-01 1.923875243128679302e-01
9.349653016508254755e-01 1.935171290224809992e-01
9.352335477738870084e-01 1.946467352194965472e-01
9.355017938969485414e-01 1.957763427564273295e-01
9.357700400200100743e-01 1.969059514996772120e-01
9.360382861430716073e-01 1.980355613283103222e-01
9.363065322661331402e-01 1.991651721329215363e-01
9.365747783891946732e-01 2.002947838146003079e-01
9.368430245122560951e-01 2.014243962839813162e-01
9.371112706353177391e-01 2.025540094603749675e-01
9.373795167583791610e-01 2.036836232709715866e-01
9.376477628814408050e-01 2.048132376501139718e-01
9.379160090045022269e-01 2.059428525386325093e-01
9.381842551275638709e-01 2.070724678832382148e-01
9.384525012506252928e-01 2.082020836359688987e-01
9.387207473736869368e-01 2.093316997536840973e-01
9.389889934967483587e-01 2.104613161976051638e-01
9.392572396198100027e-01 2.115909329328964916e-01
9.395254857428714246e-01 2.127205499282843748e-01
9.397937318659330685e-01 2.138501671557108130e-01
9.400619779889944905e-01 2.149797845900186799e-01
9.403302241120560234e-01 2.161094022086664235e-01
9.405984702351175564e-01 2.172390199914686071e-01
9.408667163581790893e-01 2.183686379203614025e-01
9.411349624812406223e-01 2.194982559791897048e-01
9.414032086043021552e-01 2.206278741535147303e-01
9.416714547273636882e-01 2.217574924304397399e-01
9.419397008504252211e-01 2.228871107984526923e-01
9.422079469734867541e-01 2.240167292472841631e-01
9.424761930965482870e-01 2.251463477677788094e-01
9.427444392196098200e-01 2.262759663517799891e-01
9.430126853426713529e-01 2.274055849920251504e-01
9.432809314657328859e-01 2.285352036820519350e-01
9.435491775887944188e-01 2.296648224161138840e-01
9.438174237118559518e-01 2.307944411891040826e-01
9.440856698349174847e-01 2.319240599964869920e-01
9.443539159579790176e-01 2.330536788342370547e-01
9.446221620810405506e-01 2.341832976987835713e-01
9.448904082041020835e-01 2.353129165869613237e-01
9.451586543271636165e-01 2.364425354959662773e-01
9.454269004502251494e-01 2.375721544233160287e-01
9.456951465732866824e-01 2.387017733668141684e-01
9.459633926963482153e-01 2.398313923245186108e-01
9.462316388194097483e-01 2.409610112947132565e-01
9.464998849424712812e-01 2.420906302758825401e-01
9.467681310655328142e-01 2.432202492666890314e-01
9.470363771885943471e-01 2.443498682659530630e-01
9.473046233116558801e-01 2.454794872726347998e-01
9.475728694347174130e-01 2.466091062858183913e-01
9.478411155577789460e-01 2.477387253046974547e-01
9.481093616808404789e-01 2.488683443285626407e-01
9.483776078039020119e-01 2.499979633567902537e-01
9.486458539269635448e-01 2.511275823888322600e-01
9.489141000500250778e-01 2.522572014242073779e-01
9.491823461730866107e-01 2.533868204624933895e-01
9.494505922961481437e-01 2.545164395033197580e-01
9.497188384192096766e-01 2.556460585463619095e-01
9.499870845422712096e-01 2.567756775913354605e-01
9.502553306653327425e-01 2.579052966379914991e-01
9.505235767883942755e-01 2.590349156861121438e-01
9.507918229114558084e-01 2.601645347355070470e-01
9.510600690345172303e-01 2.612941537860097863e-01
9.513283151575788743e-01 2.624237728374750334e-01
9.515965612806402962e-01 2.635533918897759453e-01
9.518648074037019402e-01 2.646830109428019995e-01
9.521330535267633621e-01 2.658126299964566619e-01
9.524012996498250061e-01 2.669422490506559997e-01
9.526695457728864280e-01 2.680718681053267938e-01
9.529377918959480720e-01 2.692014871604054282e-01
9.532060380190094939e-01 2.703311062158365030e-01
9.534742841420711379e-01 2.714607252715718344e-01
9.537425302651325598e-01 2.725903443275696780e-01
9.540107763881942038e-01 2.737199633837935631e-01
9.542790225112556257e-01 2.748495824402120147e-01
9.545472686343171587e-01 2.759792014967976659e-01
9.548155147573786916e-01 2.771088205535266469e-01
9.550837608804402246e-01 2.782384396103784741e-01
9.553520070035017575e-01 2.793680586673351618e-01
9.556202531265632905e-01 2.804976777243812225e-01
9.558884992496248234e-01 2.816272967815032224e-01
9.561567453726863564e-01 2.827569158386894488e-01
9.564249914957478893e-01 2.838865348959296875e-01
9.566932376188094223e-01 2.850161539532151678e-01
9.569614837418709552e-01 2.861457730105381736e-01
9.572297298649324881e-01 2.872753920678920991e-01
9.574979759879940211e-01 2.884050111252708937e-01
9.577662221110555540e-01 2.895346301826695612e-01
9.580344682341170870e-01 2.906642492400835498e-01
9.583027143571786199e-01 2.917938682975089182e-01
9.585709604802401529e-01 2.929234873549420581e-01
9.588392066033016858e-01 2.940531064123799165e-01
9.591074527263632188e-01 2.951827254698196068e-01
9.593756988494247517e-01 2.963123445272585754e-01
9.596439449724862847e-01 2.974419635846944354e-01
9.599121910955478176e-01 2.985715826421250219e-01
9.601804372186093506e-01 2.997012016995483918e-01
9.604486833416708835e-01 3.008308207569625470e-01
9.607169294647324165e-01 3.019604398143657664e-01
9.609851755877939494e-01 3.030900588717562738e-01
9.612534217108554824e-01 3.042196779291322928e-01
9.615216678339170153e-01 3.053492969864922135e-01
9.617899139569785483e-01 3.064789160438343152e-01
9.620581600800400812e-01 3.076085351011568769e-01
9.623264062031016142e-01 3.087381541584582334e-01
9.625946523261631471e-01 3.098677732157366083e-01
9.628628984492246801e-01 3.109973922729901696e-01
9.631311445722862130e-01 3.121270113302170301e-01
9.633993906953477460e-01 3.132566303874153024e-01
9.636676368184092789e-01 3.143862494445829880e-01
9.639358829414708119e-01 3.155158685017178111e-01
9.642041290645323448e-01 3.166454875588177176e-01
9.644723751875938778e-01 3.177751066158802651e-01
9.647406213106554107e-01 3.189047256729030111e-01
9.650088674337169437e-01 3.200343447298832911e-01
9.652771135567783656e-01 3.211639637868183850e-01
9.655453596798400095e-01 3.222935828437054617e-01
9.658136058029014315e-01 3.234232019005413017e-01
9.660818519259630754e-01 3.245528209573226852e-01
9.663500980490244974e-01 3.256824400140462261e-01
9.666183441720861413e-01 3.268120590707082607e-01
9.668865902951475633e-01 3.279416781273048476e-01
9.671548364182092072e-01 3.290712971838319345e-01
9.674230825412706292e-01 3.302009162402851361e-01
9.676913286643322731e-01 3.313305352966599004e-01
9.679595747873936951e-01 3.324601543529512870e-01
9.682278209104553390e-01 3.335897734091541333e-01
9.684960670335167610e-01 3.347193924652628882e-01
9.687643131565782939e-01 3.358490115212718341e-01
9.690325592796398269e-01 3.369786305771748092e-01
9.693008054027013598e-01 3.381082496329652076e-01
9.695690515257628928e-01 3.392378686886361461e-01
9.698372976488244257e-01 3.403674877441803526e-01
9.701055437718859586e-01 3.414971067995900000e-01
9.703737898949474916e-01 3.426267258548568173e-01
9.706420360180090245e-01 3.437563449099721447e-01
9.709102821410705575e-01 3.448859639649267672e-01
9.711785282641320904e-01 3.460155830197109705e-01
9.714467743871936234e-01 3.471452020743142630e-01
9.717150205102551563e-01 3.482748211287258200e-01
9.719832666333166893e-01 3.494044401829339841e-01
9.722515127563782222e-01 3.505340592369264319e-01
9.725197588794397552e-01 3.516636782906902292e-01
9.727880050025012881e-01 3.527932973442116649e-01
9.730562511255628211e-01 3.539229163974760839e-01
9.733244972486243540e-01 3.550525354504681652e-01
9.735927433716858870e-01 3.561821545031715885e-01
9.738609894947474199e-01 3.573117735555690899e-01
9.741292356178089529e-01 3.584413926076424062e-01
9.743974817408704858e-01 3.595710116593723304e-01
9.746657278639320188e-01 3.607006307107384346e-01
9.749339739869935517e-01 3.618302497617191804e-01
9.752022201100550847e-01 3.629598688122916972e-01
9.754704662331166176e-01 3.640894878624319486e-01
9.757387123561781506e-01 3.652191069121143441e-01
9.760069584792396835e-01 3.663487259613120717e-01
9.762752046023012165e-01 3.674783450099964877e-01
9.765434507253627494e-01 3.686079640581376715e-01
9.768116968484242824e-01 3.697375831057037043e-01
9.770799429714858153e-01 3.708672021526610574e-01
9.773481890945473483e-01 3.719968211989742035e-01
9.776164352176088812e-01 3.731264402446056172e-01
9.778846813406704142e-01 3.742560592895157745e-01
9.781529274637319471e-01 3.753856783336627090e-01
9.784211735867934800e-01 3.765152973770023448e-01
9.786894197098550130e-01 3.776449164194880526e-01
9.789576658329164349e-01 3.787745354610705384e-01
9.792259119559780789e-01 3.799041545016978438e-01
9.794941580790395008e-01 3.810337735413150129e-01
9.797624042021011448e-01 3.821633925798642029e-01
9.800306503251625667e-01 3.832930116172842960e-01
9.802988964482242107e-01 3.844226306535106774e-01
9.805671425712856326e-01 3.855522496884754013e-01
9.808353886943472766e-01 3.866818687221065809e-01
9.811036348174086985e-01 3.878114877543284433e-01
9.813718809404703425e-01 3.889411067850611636e-01
9.816401270635317644e-01 3.900707258142204203e-01
9.819083731865934084e-01 3.912003448417172291e-01
9.821766193096548303e-01 3.923299638674579981e-01
9.824448654327164743e-01 3.934595828913438620e-01
9.827131115557778962e-01 3.945892019132706263e-01
9.829813576788394291e-01 3.957188209331285456e-01
9.832496038019009621e-01 3.968484399508017124e-01
9.835178499249624950e-01 3.979780589661682799e-01
9.837860960480240280e-01 3.991076779790996287e-01
9.840543421710855609e-01 4.002372969894603116e-01
9.843225882941470939e-01 4.013669159971075540e-01
9.845908344172086268e-01 4.024965350018910315e-01
9.848590805402701598e-01 4.036261540036522599e-01
9.851273266633316927e-01 4.047557730022245948e-01
9.853955727863932257e-01 4.058853919974322877e-01
9.856638189094547586e-01 4.070150109890902645e-01
9.859320650325162916e-01 4.081446299770037922e-01
9.862003111555778245e-01 4.092742489609677570e-01
9.864685572786393575e-01 4.104038679407662205e-01
9.867368034017008904e-01 4.115334869161720310e-01
9.870050495247624234e-01 4.126631058869458801e-01
9.872732956478239563e-01 4.137927248528361912e-01
9.875415417708854893e-01 4.149223438135780651e-01
9.878097878939470222e-01 4.160519627688928357e-01
9.880780340170085552e-01 4.171815817184872932e-01
9.883462801400700881e-01 4.183112006620531842e-01
9.886145262631316211e-01 4.194408195992659349e-01
9.888827723861931540e-01 4.205704385297845405e-01
9.891510185092546870e-01 4.217000574532501767e-01
9.894192646323162199e-01 4.228296763692856453e-01
9.896875107553777529e-01 4.239592952774943746e-01
9.899557568784392858e-01 4.250889141774593649e-01
9.902240030015008188e-01 4.262185330687424667e-01
9.904922491245623517e-01 4.273481519508829929e-01
9.907604952476238847e-01 4.284777708233968307e-01
9.910287413706854176e-01 4.296073896857752761e-01
9.912969874937469505e-01 4.307370085374839230e-01
9.915652336168084835e-01 4.318666273779612208e-01
9.918334797398700164e-01 4.329962462066172524e-01
9.921017258629315494e-01 4.341258650228325133e-01
9.923699719859930823e-01 4.352554838259561354e-01
9.926382181090546153e-01 4.363851026153049428e-01
9.929064642321161482e-01 4.375147213901611765e-01
9.931747103551775702e-01 4.386443401497714945e-01
9.934429564782392141e-01 4.397739588933450294e-01
9.937112026013006361e-01 4.409035776200514456e-01
9.939794487243622800e-01 4.420331963290193289e-01
9.942476948474237020e-01 4.431628150193340776e-01
9.945159409704853459e-01 4.442924336900361260e-01
9.947841870935467679e-01 4.454220523401183351e-01
9.950524332166084118e-01 4.465516709685242169e-01
9.953206793396698338e-01 4.476812895741455467e-01
9.955889254627314777e-01 4.488109081558196989e-01
9.958571715857928996e-01 4.499405267123274266e-01
9.961254177088545436e-01 4.510701452423900304e-01
9.963936638319159655e-01 4.521997637446666385e-01
9.966619099549774985e-01 4.533293822177513754e-01
9.969301560780390314e-01 4.544590006601704202e-01
9.971984022011005644e-01 4.555886190703786753e-01
9.974666483241620973e-01 4.567182374467568251e-01
9.977348944472236303e-01 4.578478557876076716e-01
9.980031405702851632e-01 4.589774740911525819e-01
9.982713866933468072e-01 4.601070923555279357e-01
9.985396328164082291e-01 4.612367105787811838e-01
9.988078789394697621e-01 4.623663287588669624e-01
9.990761250625312950e-01 4.634959468936424853e-01
9.993443711855928280e-01 4.646255649808637145e-01
9.996126173086543609e-01 4.657551830181804187e-01
9.998808634317158939e-01 4.668848010031315665e-01
1.000149109554777427e+00 4.680144189331403304e-01
1.000417355677838849e+00 4.691440368055089238e-01
1.000685601800900493e+00 4.702736546174133836e-01
1.000953847923962137e+00 4.714032723658975743e-01
1.001222094047023559e+00 4.725328900478679151e-01
1.001490340170084981e+00 4.736625076600867734e-01
1.001758586293146625e+00 4.747921251991664704e-01
1.002026832416208268e+00 4.759217426615624524e-01
1.002295078539269690e+00 4.770513600435667967e-01
1.002563324662331112e+00 4.781809773413007170e-01
1.002831570785392756e+00 4.793105945507071808e-01
1.003099816908454400e+00 4.804402116675434153e-01
1.003368063031515822e+00 4.815698286873726364e-01
1.003636309154577244e+00 4.826994456055557770e-01
1.003904555277638888e+00 4.838290624172426613e-01
1.004172801400700532e+00 4.849586791173631228e-01
1.004441047523761954e+00 4.860882957006174565e-01
1.004709293646823376e+00 4.872179121614665931e-01
1.004977539769885020e+00 4.883475284941220518e-01
1.005245785892946664e+00 4.894771446925352820e-01
1.005514032016008086e+00 4.906067607503865613e-01
1.005782278139069508e+00 4.917363766610736708e-01
1.006050524262131152e+00 4.928659924176999052e-01
1.006318770385192574e+00 4.939956080130618599e-01
1.006587016508254218e+00 4.951252234396362195e-01
1.006855262631315640e+00 4.962548386895669905e-01
1.007123508754377283e+00 4.973844537546510680e-01
1.007391754877438705e+00 4.985140686263243026e-01
1.007660001000500349e+00 4.996436832956460128e-01
1.007928247123561771e+00 5.007732977532841634e-01
1.008196493246623415e+00 5.019029119894983237e-01
1.008464739369684837e+00 5.030325259941240690e-01
1.008732985492746481e+00 5.041621397565544394e-01
1.009001231615807903e+00 5.052917532657226207e-01
1.009269477738869547e+00 5.064213665100831818e-01
1.009537723861930969e+00 5.075509794775923123e-01
1.009805969984992613e+00 5.086805921556878385e-01
1.010074216108054035e+00 5.098102045312686847e-01
1.010342462231115679e+00 5.109398165906725575e-01
1.010610708354177101e+00 5.120694283196537411e-01
1.010878954477238745e+00 5.131990397033597828e-01
1.011147200600300167e+00 5.143286507263074014e-01
1.011415446723361811e+00 5.154582613723573958e-01
1.011683692846423233e+00 5.165878716246882218e-01
1.011951938969484877e+00 5.177174814657697910e-01
1.012220185092546298e+00 5.188470908773349377e-01
1.012488431215607942e+00 5.199766998403506646e-01
1.012756677338669364e+00 5.211063083349883884e-01
1.013024923461730786e+00 5.222359163405926319e-01
1.013293169584792430e+00 5.233655238356488271e-01
1.013561415707854074e+00 5.244951307977501198e-01
1.013829661830915496e+00 5.256247372035630638e-01
1.014097907953976918e+00 5.267543430287912054e-01
1.014366154077038562e+00 5.278839482481390011e-01
1.014634400200100206e+00 5.290135528352728489e-01
1.014902646323161628e+00 5.301431567627816754e-01
1.015170892446223050e+00 5.312727600021358576e-01
1.015439138569284694e+00 5.324023625236450341e-01
1.015707384692346338e+00 5.335319642964138076e-01
1.015975630815407760e+00 5.346615652882966696e-01
1.016243876938469182e+00 5.357911654658503720e-01
1.016512123061530826e+00 5.369207647942862982e-01
1.016780369184592470e+00 5.380503632374193934e-01
1.017048615307653892e+00 5.391799607576160946e-01
1.017316861430715313e+00 5.403095573157415954e-01
1.017585107553776957e+00 5.414391528711028911e-01
1.017853353676838601e+00 5.425687473813927131e-01
1.018121599799900023e+00 5.436983408026291320e-01
1.018389845922961445e+00 5.448279330890946071e-01
1.018658092046023089e+00 5.459575241932729250e-01
1.018926338169084733e+00 5.470871140657831422e-01
1.019194584292146155e+00 5.482167026553124156e-01
1.019462830415207577e+00 5.493462899085461704e-01
1.019731076538269221e+00 5.504758757700956018e-01
1.019999322661330643e+00 5.516054601824235126e-01
1.020267568784392287e+00 5.527350430857671526e-01
1.020535814907453709e+00 5.538646244180595035e-01
1.020804061030515353e+00 5.549942041148464567e-01
1.021072307153576775e+00 5.561237821092029909e-01
1.021340553276638419e+00 5.572533583316455763e-01
1.021608799399699841e+00 5.583829327100420237e-01
1.021877045522761485e+00 5.595125051695194474e-01
1.022145291645822907e+00 5.606420756323673427e-01
1.022413537768884551e+00 5.617716440179397752e-01
1.022681783891945972e+00 5.629012102425530184e-01
1.022950030015007616e+00 5.640307742193804152e-01
1.023218276138069038e+00 5.651603358583451309e-01
1.023486522261130682e+00 5.662898950660069097e-01
1.023754768384192104e+00 5.674194517454486109e-01
1.024023014507253748e+00 5.685490057961566368e-01
1.024291260630315170e+00 5.696785571138994753e-01
1.024559506753376814e+00 5.708081055906014667e-01
1.024827752876438236e+00 5.719376511142133523e-01
1.025095998999499880e+00 5.730671935685788254e-01
1.025364245122561302e+00 5.741967328332970855e-01
1.025632491245622946e+00 5.753262687835810629e-01
1.025900737368684368e+00 5.764558012901122019e-01
1.026168983491746012e+00 5.775853302188898031e-01
1.026437229614807434e+00 5.787148554310771464e-01
1.026705475737868856e+00 5.798443767828421747e-01
1.026973721860930500e+00 5.809738941251945121e-01
1.027241967983992144e+00 5.821034073038167111e-01
1.027510214107053566e+00 5.832329161588916122e-01
1.027778460230114987e+00 5.843624205249240422e-01
1.028046706353176631e+00 5.854919202305582937e-01
1.028314952476238275e+00 5.866214150983891651e-01
1.028583198599299697e+00 5.877509049447691147e-01
1.028851444722361119e+00 5.888803895796089760e-01
1.029119690845422763e+00 5.900098688061735652e-01
1.029387936968484407e+00 5.911393424208716274e-01
1.029656183091545829e+00 5.922688102130397869e-01
1.029924429214607251e+00 5.933982719647208359e-01
1.030192675337668895e+00 5.945277274504361387e-01
1.030460921460730539e+00 5.956571764369505972e-01
1.030729167583791961e+00 5.967866186830335096e-01
1.030997413706853383e+00 5.979160539392108786e-01
1.031265659829915027e+00 5.990454819475120596e-01
1.031533905952976671e+00 6.001749024412101896e-01
1.031802152076038093e+00 6.013043151445544021e-01
1.032070398199099515e+00 6.024337197724967119e-01
1.032338644322161159e+00 6.035631160304097964e-01
1.032606890445222803e+00 6.046925036137991150e-01
1.032875136568284224e+00 6.058218822080071453e-01
1.033143382691345646e+00 6.069512514879095155e-01
1.033411628814407290e+00 6.080806111176039197e-01
1.033679874937468712e+00 6.092099607500907066e-01
1.033948121060530356e+00 6.103393000269460300e-01
1.034216367183591778e+00 6.114686285779862285e-01
1.034484613306653422e+00 6.125979460209242111e-01
1.034752859429714844e+00 6.137272519610170729e-01
1.035021105552776488e+00 6.148565459907052722e-01
1.035289351675837910e+00 6.159858276892425932e-01
1.035557597798899554e+00 6.171150966223177825e-01
1.035825843921960976e+00 6.182443523416661924e-01
1.036094090045022620e+00 6.193735943846729874e-01
1.036362336168084042e+00 6.205028222739661370e-01
1.036630582291145686e+00 6.216320355170004142e-01
1.036898828414207108e+00 6.227612336056307374e-01
1.037167074537268752e+00 6.238904160156766299e-01
1.037435320660330174e+00 6.250195822064756879e-01
1.037703566783391818e+00 6.261487316204271680e-01
1.037971812906453239e+00 6.272778636825248055e-01
1.038240059029514883e+00 6.284069777998794182e-01
1.038508305152576305e+00 6.295360733612302973e-01
1.038776551275637949e+00 6.306651497364460512e-01
1.039044797398699371e+00 6.317942062760137922e-01
1.039313043521761015e+00 6.329232423105175531e-01
1.039581289644822437e+00 6.340522571501051585e-01
1.039849535767884081e+00 6.351812500839428832e-01
1.040117781890945503e+00 6.363102203796590084e-01
1.040386028014007147e+00 6.374391672827748323e-01
1.040654274137068569e+00 6.385680900161248008e-01
1.040922520260130213e+00 6.396969877792622050e-01
1.041190766383191635e+00 6.408258597478544427e-01
1.041459012506253057e+00 6.419547050730646243e-01
1.041727258629314701e+00 6.430835228809204107e-01
1.041995504752376345e+00 6.442123122716707506e-01
1.042263750875437767e+00 6.453410723191282949e-01
1.042531996998499189e+00 6.464698020699994885e-01
1.042800243121560833e+00 6.475985005432008945e-01
1.043068489244622477e+00 6.487271667291618638e-01
1.043336735367683898e+00 6.498557995891138805e-01
1.043604981490745320e+00 6.509843980543656983e-01
1.043873227613806964e+00 6.521129610255643749e-01
1.044141473736868608e+00 6.532414873719428750e-01
1.044409719859930030e+00 6.543699759305521280e-01
1.044677965982991452e+00 6.554984255054802089e-01
1.044946212106053096e+00 6.566268348670553090e-01
1.045214458229114740e+00 6.577552027510357169e-01
1.045482704352176162e+00 6.588835278577832577e-01
1.045750950475237584e+00 6.600118088514231873e-01
1.046019196598299228e+00 6.611400443589882103e-01
1.046287442721360872e+00 6.622682329695476211e-01
1.046555688844422294e+00 6.633963732333209018e-01
1.046823934967483716e+00 6.645244636607764432e-01
1.047092181090545360e+00 6.656525027217141677e-01
1.047360427213607004e+00 6.667804888443322753e-01
1.047628673336668426e+00 6.679084204142796688e-01
1.047896919459729848e+00 6.690362957736910587e-01
1.048165165582791492e+00 6.701641132202069695e-01
1.048433411705852913e+00 6.712918710059774252e-01
1.048701657828914557e+00 6.724195673366505366e-01
1.048969903951975979e+00 6.735472003703427690e-01
1.049238150075037623e+00 6.746747682165963322e-01
1.049506396198099045e+00 6.758022689353170298e-01
1.049774642321160689e+00 6.769297005356982311e-01
1.050042888444222111e+00 6.780570609751276345e-01
1.050311134567283755e+00 6.791843481580773778e-01
1.050579380690345177e+00 6.803115599349784937e-01
1.050847626813406821e+00 6.814386941010786014e-01
1.051115872936468243e+00 6.825657483952833893e-01
1.051384119059529887e+00 6.836927204989813323e-01
1.051652365182591309e+00 6.848196080348526449e-01
1.051920611305652953e+00 6.859464085656615806e-01
1.052188857428714375e+00 6.870731195930321888e-01
1.052457103551776019e+00 6.881997385562079739e-01
1.052725349674837441e+00 6.893262628307953443e-01
1.052993595797899085e+00 6.904526897274910757e-01
1.053261841920960507e+00 6.915790164907930082e-01
1.053530088044022150e+00 6.927052402976950907e-01
1.053798334167083572e+00 6.938313582563668813e-01
1.054066580290145216e+00 6.949573674048159511e-01
1.054334826413206638e+00 6.960832647095357428e-01
1.054603072536268282e+00 6.972090470641372217e-01
1.054871318659329704e+00 6.983347112879648710e-01
1.055139564782391126e+00 6.994602541246975891e-01
1.055407810905452770e+00 7.005856722409341542e-01
1.055676057028514414e+00 7.017109622247634793e-01
1.055944303151575836e+00 7.028361205843204340e-01
1.056212549274637258e+00 7.039611437463266785e-01
1.056480795397698902e+00 7.050860280546163983e-01
1.056749041520760546e+00 7.062107697686491603e-01
1.057017287643821968e+00 7.073353650620067823e-01
1.057285533766883390e+00 7.084598100208782112e-01
1.057553779889945034e+00 7.095841006425298580e-01
1.057822026013006678e+00 7.107082328337620547e-01
1.058090272136068100e+00 7.118322024093539646e-01
1.058358518259129522e+00 7.129560050904945046e-01
1.058626764382191165e+00 7.140796365032016091e-01
1.058895010505252809e+00 7.152030921767285054e-01
1.059163256628314231e+00 7.163263675419594412e-01
1.059431502751375653e+00 7.174494579297923114e-01
1.059699748874437297e+00 7.185723585695126259e-01
1.059967994997498941e+00 7.196950645871539320e-01
1.060236241120560363e+00 7.208175710038504658e-01
1.060504487243621785e+00 7.219398727341787003e-01
1.060772733366683429e+00 7.230619645844893473e-01
1.061040979489745073e+00 7.241838412512312528e-01
1.061309225612806495e+00 7.253054973192660793e-01
1.061577471735867917e+00 7.264269272601747707e-01
1.061845717858929561e+00 7.275481254305579126e-01
1.062113963981990983e+00 7.286690860703268768e-01
1.062382210105052627e+00 7.297898033009903029e-01
1.062650456228114049e+00 7.309102711239336969e-01
1.062918702351175693e+00 7.320304834186940335e-01
1.063186948474237115e+00 7.331504339412292515e-01
1.063455194597298759e+00 7.342701163221836413e-01
1.063723440720360180e+00 7.353895240651500131e-01
1.063991686843421824e+00 7.365086505449282006e-01
1.064259932966483246e+00 7.376274890057815670e-01
1.064528179089544890e+00 7.387460325596919564e-01
1.064796425212606312e+00 7.398642741846133131e-01
1.065064671335667956e+00 7.409822067227257447e-01
1.065332917458729378e+00 7.420998228786886974e-01
1.065601163581791022e+00 7.432171152178966844e-01
1.065869409704852444e+00 7.443340761647356807e-01
1.066137655827914088e+00 7.454506980008430705e-01
1.066405901950975510e+00 7.465669728633705926e-01
1.066674148074037154e+00 7.476828927432517258e-01
1.066942394197098576e+00 7.487984494834734051e-01
1.067210640320160220e+00 7.499136347773547318e-01
1.067478886443221642e+00 7.510284401668315679e-01
1.067747132566283286e+00 7.521428570407487912e-01
1.068015378689344708e+00 7.532568766331612098e-01
1.068283624812406352e+00 7.543704900216434694e-01
1.068551870935467774e+00 7.554836881256106196e-01
1.068820117058529195e+00 7.565964617046494478e-01
1.069088363181590839e+00 7.577088013568619163e-01
1.069356609304652483e+00 7.588206975172222535e-01
1.069624855427713905e+00 7.599321404559467030e-01
1.069893101550775327e+00 7.610431202768798142e-01
1.070161347673836971e+00 7.621536269158954990e-01
1.070429593796898615e+00 7.632636501393156303e-01
1.070697839919960037e+00 7.643731795423466258e-01
1.070966086043021459e+00 7.654822045475345726e-01
1.071234332166083103e+00 7.665907144032414466e-01
1.071502578289144747e+00 7.676986981821406486e-01
1.071770824412206169e+00 7.688061447797372994e-01
1.072039070535267591e+00 7.699130429129089626e-01
1.072307316658329235e+00 7.710193811184731238e-01
1.072575562781390879e+00 7.721251477517787620e-01
1.072843808904452301e+00 7.732303309853245654e-01
1.073112055027513723e+00 7.743349188074055700e-01
1.073380301150575367e+00 7.754388990207881083e-01
1.073648547273637011e+00 7.765422592414144010e-01
1.073916793396698433e+00 7.776449868971392343e-01
1.074185039519759854e+00 7.787470692264976124e-01
1.074453285642821498e+00 7.798484932775067158e-01
1.074721531765883142e+00 7.809492459065028314e-01
1.074989777888944564e+00 7.820493137770124781e-01
1.075258024012005986e+00 7.831486833586618346e-01
1.075526270135067630e+00 7.842473409261241368e-01
1.075794516258129052e+00 7.853452725581056004e-01
1.076062762381190696e+00 7.864424641363724211e-01
1.076331008504252118e+00 7.875389013448195197e-01
1.076599254627313762e+00 7.886345696685820306e-01
1.076867500750375184e+00 7.897294543931904220e-01
1.077135746873436828e+00 7.908235406037718018e-01
1.077403992996498250e+00 7.919168131842966307e-01
1.077672239119559894e+00 7.930092568168737310e-01
1.077940485242621316e+00 7.941008559810943668e-01
1.078208731365682960e+00 7.951915949534251737e-01
1.078476977488744382e+00 7.962814578066540472e-01
1.078745223611806026e+00 7.973704284093866557e-01
1.079013469734867448e+00 7.984584904255978000e-01
1.079281715857929091e+00 7.995456273142368397e-01
1.079549961980990513e+00 8.006318223288896307e-01
1.079818208104052157e+00 8.017170585174963060e-01
1.080086454227113579e+00 8.028013187221288982e-01
1.080354700350175223e+00 8.038845855788271377e-01
1.080622946473236645e+00 8.049668415174952019e-01
1.080891192596298289e+00 8.060480687618599704e-01
1.081159438719359711e+00 8.071282493294914540e-01
1.081427684842421355e+00 8.082073650318883917e-01
1.081695930965482777e+00 8.092853974746271328e-01
1.081964177088544421e+00 8.103623280575775745e-01
1.082232423211605843e+00 8.114381379751856027e-01
1.082500669334667487e+00 8.125128082168234789e-01
1.082768915457728909e+00 8.135863195672099479e-01
1.083037161580790553e+00 8.146586526068990697e-01
1.083305407703851975e+00 8.157297877128417696e-01
1.083573653826913397e+00 8.167997050590181107e-01
1.083841899949975041e+00 8.178683846171426186e-01
1.084110146073036685e+00 8.189358061574441017e-01
1.084378392196098106e+00 8.200019492495199680e-01
1.084646638319159528e+00 8.210667932632652599e-01
1.084914884442221172e+00 8.221303173698796263e-01
1.085183130565282816e+00 8.231925005429505671e-01
1.085451376688344238e+00 8.242533215596148377e-01
1.085719622811405660e+00 8.253127590017989013e-01
1.085987868934467304e+00 8.263707912575393166e-01
1.086256115057528948e+00 8.274273965223821747e-01
1.086524361180590370e+00 8.284825528008652462e-01
1.086792607303651792e+00 8.295362379080803983e-01
1.087060853426713436e+00 8.305884294713187233e-01
1.087329099549775080e+00 8.316391049317980455e-01
1.087597345672836502e+00 8.326882415464750276e-01
1.087865591795897924e+00 8.337358163899396546e-01
1.088133837918959568e+00 8.347818063563950952e-01
1.088402084042021212e+00 8.358261881617217171e-01
1.088670330165082634e+00 8.368689383456271447e-01
1.088938576288144056e+00 8.379100332738809165e-01
1.089206822411205700e+00 8.389494491406360721e-01
1.089475068534267344e+00 8.399871619708357828e-01
1.089743314657328765e+00 8.410231476227079117e-01
1.090011560780390187e+00 8.420573817903449498e-01
1.090279806903451831e+00 8.430898400063716602e-01
1.090548053026513253e+00 8.441204976446990971e-01
1.090816299149574897e+00 8.451493299233662215e-01
1.091084545272636319e+00 8.461763119074686701e-01
1.091352791395697963e+00 8.472014185121738983e-01
1.091621037518759385e+00 8.482246245058241430e-01
1.091889283641821029e+00 8.492459045131263151e-01
1.092157529764882451e+00 8.502652330184282681e-01
1.092425775887944095e+00 8.512825843690822181e-01
1.092694022011005517e+00 8.522979327788944293e-01
1.092962268134067161e+00 8.533112523316608300e-01
1.093230514257128583e+00 8.543225169847894485e-01
1.093498760380190227e+00 8.553317005730064482e-01
1.093767006503251649e+00 8.563387768121490939e-01
1.094035252626313293e+00 8.573437193030425396e-01
1.094303498749374715e+00 8.583465015354604377e-01
1.094571744872436359e+00 8.593470968921693709e-01
1.094839990995497780e+00 8.603454786530561060e-01
1.095108237118559424e+00 8.613416199993370048e-01
1.095376483241620846e+00 8.623354940178490358e-01
1.095644729364682490e+00 8.633270737054216104e-01
1.095912975487743912e+00 8.643163319733275785e-01
1.096181221610805556e+00 8.653032416518142700e-01
1.096449467733866978e+00 8.662877754947121423e-01
1.096717713856928622e+00 8.672699061841210311e-01
1.096985959979990044e+00 8.682496063351710092e-01
1.097254206103051466e+00 8.692268485008608492e-01
1.097522452226113110e+00 8.702016051769678739e-01
1.097790698349174754e+00 8.711738488070324138e-01
1.098058944472236176e+00 8.721435517874123189e-01
1.098327190595297598e+00 8.731106864724093031e-01
1.098595436718359242e+00 8.740752251794629002e-01
1.098863682841420886e+00 8.750371401944124772e-01
1.099131928964482308e+00 8.759964037768254164e-01
1.099400175087543730e+00 8.769529881653899128e-01
1.099668421210605374e+00 8.779068655833709434e-01
1.099936667333667017e+00 8.788580082441277419e-01
1.100204913456728439e+00 8.798063883566913379e-01
1.100473159579789861e+00 8.807519781314003815e-01
1.100741405702851505e+00 8.816947497855931459e-01
1.101009651825913149e+00 8.826346755493548191e-01
1.101277897948974571e+00 8.835717276713178636e-01
1.101546144072035993e+00 8.845058784245134476e-01
1.101814390195097637e+00 8.854371001122715024e-01
1.102082636318159281e+00 8.863653650741691870e-01
1.102350882441220703e+00 8.872906456920244267e-01
1.102619128564282125e+00 8.882129143959317519e-01
1.102887374687343769e+00 8.891321436703412129e-01
1.103155620810405413e+00 8.900483060601747098e-01
1.103423866933466835e+00 8.909613741769809581e-01
1.103692113056528257e+00 8.918713207051237601e-01
1.103960359179589901e+00 8.927781184080041399e-01
1.104228605302651323e+00 8.936817401343127854e-01
1.104496851425712967e+00 8.945821588243091371e-01
1.104765097548774389e+00 8.954793475161283434e-01
1.105033343671836032e+00 8.963732793521104192e-01
1.105301589794897454e+00 8.972639275851502783e-01
1.105569835917959098e+00 8.981512655850673044e-01
1.105838082041020520e+00 8.990352668449901330e-01
1.106106328164082164e+00 8.999159049877557548e-01
1.106374574287143586e+00 9.007931537723197213e-01
1.106642820410205230e+00 9.016669871001746772e-01
1.106911066533266652e+00 9.025373790217752212e-01
1.107179312656328296e+00 9.034043037429666523e-01
1.107447558779389718e+00 9.042677356314138271e-01
1.107715804902451362e+00 9.051276492230292403e-01
1.107984051025512784e+00 9.059840192283959981e-01
1.108252297148574428e+00 9.068368205391846848e-01
1.108520543271635850e+00 9.076860282345593500e-01
1.108788789394697494e+00 9.085316175875725042e-01
1.109057035517758916e+00 9.093735640715445712e-01
1.109325281640820560e+00 9.102118433664251329e-01
1.109593527763881982e+00 9.110464313651343016e-01
1.109861773886943626e+00 9.118773041798811096e-01
1.110130020010005047e+00 9.127044381484550328e-01
1.110398266133066691e+00 9.135278098404904235e-01
1.110666512256128113e+00 9.143473960636976372e-01
1.110934758379189757e+00 9.151631738700621854e-01
1.111203004502251179e+00 9.159751205620046965e-01
1.111471250625312823e+00 9.167832136985041291e-01
1.111739496748374245e+00 9.175874311011755768e-01
1.112007742871435667e+00 9.183877508603056627e-01
1.112275988994497311e+00 9.191841513408385289e-01
1.112544235117558955e+00 9.199766111883119768e-01
1.112812481240620377e+00 9.207651093347404281e-01
1.113080727363681799e+00 9.215496250044421522e-01
1.113348973486743443e+00 9.223301377198070972e-01
1.113617219609805087e+00 9.231066273070049899e-01
1.113885465732866509e+00 9.238790739016283782e-01
1.114153711855927931e+00 9.246474579542695027e-01
1.114421957978989575e+00 9.254117602360285577e-01
1.114690204102051219e+00 9.261719618439498980e-01
1.114958450225112641e+00 9.269280442063838610e-01
1.115226696348174062e+00 9.276799890882726496e-01
1.115494942471235706e+00 9.284277785963560570e-01
1.115763188594297350e+00 9.291713951842961450e-01
1.116031434717358772e+00 9.299108216577175456e-01
1.116299680840420194e+00 9.306460411791609433e-01
1.116567926963481838e+00 9.313770372729482938e-01
1.116836173086543482e+00 9.321037938299564507e-01
1.117104419209604904e+00 9.328262951122964219e-01
1.117372665332666326e+00 9.335445257578985911e-01
1.117640911455727970e+00 9.342584707849981296e-01
1.117909157578789614e+00 9.349681155965211543e-01
1.118177403701851036e+00 9.356734459843681906e-01
1.118445649824912458e+00 9.363744481335929404e-01
1.118713895947974102e+00 9.370711086264753575e-01
1.118982142071035524e+00 9.377634144464853660e-01
1.119250388194097168e+00 9.384513529821361111e-01
1.119518634317158590e+00 9.391349120307258547e-01
1.119786880440220234e+00 9.398140798019639641e-01
1.120055126563281656e+00 9.404888449214827695e-01
1.120323372686343300e+00 9.411591964342305161e-01
1.120591618809404721e+00 9.418251238077444132e-01
1.120859864932466365e+00 9.424866169353046663e-01
1.121128111055527787e+00 9.431436661389630549e-01
1.121396357178589431e+00 9.437962621724500512e-01
1.121664603301650853e+00 9.444443962239541523e-01
1.121932849424712497e+00 9.450880599187756470e-01
1.122201095547773919e+00 9.457272453218514841e-01
1.122469341670835563e+00 9.463619449401504680e-01
1.122737587793896985e+00 9.469921517249380027e-01
1.123005833916958629e+00 9.476178590739082752e-01
1.123274080040020051e+00 9.482390608331840998e-01
1.123542326163081695e+00 9.488557512991824261e-01
1.123810572286143117e+00 9.494679252203447328e-01
1.124078818409204761e+00 9.500755777987317519e-01
1.124347064532266183e+00 9.506787046914814132e-01
1.124615310655327827e+00 9.512773020121294554e-01
1.124883556778389249e+00 9.518713663317922569e-01
1.125151802901450893e+00 9.524608946802103349e-01
1.125420049024512315e+00 9.530458845466532880e-01
1.125688295147573736e+00 9.536263338806847401e-01
1.125956541270635380e+00 9.542022410927873954e-01
1.126224787393697024e+00 9.547736050548473186e-01
1.126493033516758446e+00 9.553404251004985470e-01
1.126761279639819868e+00 9.559027010253257073e-01
1.127029525762881512e+00 9.564604330869269644e-01
1.127297771885943156e+00 9.570136220048350850e-01
1.127566018009004578e+00 9.575622689602978355e-01
1.127834264132066000e+00 9.581063755959181583e-01
1.128102510255127644e+00 9.586459440151532396e-01
1.128370756378189288e+00 9.591809767816734666e-01
1.128639002501250710e+00 9.597114769185807193e-01
1.128907248624312132e+00 9.602374479074884395e-01
1.129175494747373776e+00 9.607588936874615904e-01
1.129443740870435420e+00 9.612758186538177263e-01
1.129711986993496842e+00 9.617882276567909505e-01
1.129980233116558264e+00 9.622961260000577610e-01
1.130248479239619908e+00 9.627995194391271161e-01
1.130516725362681552e+00 9.632984141795940536e-01
1.130784971485742973e+00 9.637928168752590841e-01
1.131053217608804395e+00 9.642827346261125809e-01
1.131321463731866039e+00 9.647681749761876091e-01
1.131589709854927683e+00 9.652491459112798600e-01
1.131857955977989105e+00 9.657256558565378013e-01
1.132126202101050527e+00 9.661977136739225980e-01
1.132394448224112171e+00 9.666653286595401351e-01
1.132662694347173593e+00 9.671285105408464755e-01
1.132930940470235237e+00 9.675872694737271962e-01
1.133199186593296659e+00 9.680416160394537117e-01
1.133467432716358303e+00 9.684915612415158082e-01
1.133735678839419725e+00 9.689371165023348276e-01
1.134003924962481369e+00 9.693782936598565048e-01
1.134272171085542791e+00 9.698151049640267862e-01
1.134540417208604435e+00 9.702475630731508538e-01
1.134808663331665857e+00 9.706756810501397936e-01
1.135076909454727501e+00 9.710994723586441335e-01
1.135345155577788923e+00 9.715189508590769130e-01
1.135613401700850567e+00 9.719341308045288397e-01
1.135881647823911988e+00 9.723450268365770865e-01
1.136149893946973632e+00 9.727516539809903939e-01
1.136418140070035054e+00 9.731540276433305880e-01
1.136686386193096698e+00 9.735521636044560667e-01
1.136954632316158120e+00 9.739460780159259201e-01
1.137222878439219764e+00 9.743357873953091275e-01
1.137491124562281186e+00 9.747213086214003841e-01
1.137759370685342830e+00 9.751026589293448898e-01
1.138027616808404252e+00 9.754798559056744311e-01
1.138295862931465896e+00 9.758529174832574205e-01
1.138564109054527318e+00 9.762218619361648919e-01
1.138832355177588962e+00 9.765867078744550067e-01
1.139100601300650384e+00 9.769474742388786215e-01
1.139368847423711806e+00 9.773041802955089175e-01
1.139637093546773450e+00 9.776568456302959786e-01
1.139905339669835094e+00 9.780054901435516479e-01
1.140173585792896516e+00 9.783501340443643279e-01
1.140441831915957938e+00 9.786907978449479462e-01
1.140710078039019582e+00 9.790275023549274147e-01
1.140978324162081226e+00 9.793602686755636944e-01
1.141246570285142647e+00 9.796891181939197946e-01
1.141514816408204069e+00 9.800140725769717065e-01
1.141783062531265713e+00 9.803351537656668224e-01
1.142051308654327357e+00 9.806523839689308408e-01
1.142319554777388779e+00 9.809657856576292634e-01
1.142587800900450201e+00 9.812753815584820405e-01
1.142856047023511845e+00 9.815811946479379158e-01
1.143124293146573489e+00 9.818832481460086914e-01
1.143392539269634911e+00 9.821815655100667453e-01
1.143660785392696333e+00 9.824761704286094632e-01
1.143929031515757977e+00 9.827670868149921413e-01
1.144197277638819621e+00 9.830543388011326877e-01
1.144465523761881043e+00 9.833379507311907908e-01
1.144733769884942465e+00 9.836179471552242148e-01
1.145002016008004109e+00 9.838943528228246693e-01
1.145270262131065753e+00 9.841671926767371348e-01
1.145538508254127175e+00 9.844364918464634240e-01
1.145806754377188597e+00 9.847022756418541967e-01
1.146075000500250241e+00 9.849645695466920925e-01
1.146343246623311662e+00 9.852233992122672035e-01
1.146611492746373306e+00 9.854787904509494378e-01
1.146879738869434728e+00 9.857307692297588853e-01
1.147147984992496372e+00 9.859793616639384028e-01
1.147416231115557794e+00 9.862245940105281994e-01
1.147684477238619438e+00 9.864664926619487462e-01
1.147952723361680860e+00 9.867050841395917926e-01
1.148220969484742504e+00 9.869403950874223730e-01
1.148489215607803926e+00 9.871724522655962453e-01
1.148757461730865570e+00 9.874012825440916519e-01
1.149025707853926992e+00 9.876269128963623967e-01
1.149293953976988636e+00 9.878493703930103509e-01
1.149562200100050058e+00 9.880686821954827170e-01
1.149830446223111702e+00 9.882848755497941617e-01
1.150098692346173124e+00 9.884979777802793688e-01
1.150366938469234768e+00 9.887080162833737917e-01
1.150635184592296190e+00 9.889150185214294897e-01
1.150903430715357834e+00 9.891190120165642696e-01
1.151171676838419256e+00 9.893200243445497977e-01
1.151439922961480899e+00 9.895180831287372358e-01
1.151708169084542321e+00 9.897132160340265106e-01
1.151976415207603965e+00 9.899054507608773257e-01
1.152244661330665387e+00 9.900948150393670266e-01
1.152512907453727031e+00 9.902813366232952053e-01
1.152781153576788453e+00 9.904650432843381536e-01
1.153049399699850097e+00 9.906459628062552758e-01
1.153317645822911519e+00 9.908241229791473481e-01
1.153585891945973163e+00 9.909995515937710664e-01
1.153854138069034585e+00 9.911722764359096605e-01
1.154122384192096007e+00 9.913423252808029051e-01
1.154390630315157651e+00 9.915097258876355291e-01
1.154658876438219295e+00 9.916745059940894613e-01
1.154927122561280717e+00 9.918366933109575845e-01
1.155195368684342139e+00 9.919963155168242119e-01
1.155463614807403783e+00 9.921534002528094032e-01
1.155731860930465427e+00 9.923079751173835561e-01
1.156000107053526849e+00 9.924600676612495009e-01
1.156268353176588271e+00 9.926097053822953153e-01
1.156536599299649914e+00 9.927569157206187489e-01
1.156804845422711558e+00 9.929017260536253664e-01
1.157073091545772980e+00 9.930441636911995218e-01
1.157341337668834402e+00 9.931842558709512714e-01
1.157609583791896046e+00 9.933220297535392262e-01
1.157877829914957690e+00 9.934575124180711203e-01
1.158146076038019112e+00 9.935907308575815389e-01
1.158414322161080534e+00 9.937217119745904714e-01
1.158682568284142178e+00 9.938504825767402462e-01
1.158950814407203822e+00 9.939770693725138440e-01
1.159219060530265244e+00 9.941014989670353685e-01
1.159487306653326666e+00 9.942237978579518964e-01
1.159755552776388310e+00 9.943439924313992595e-01
1.160023798899449954e+00 9.944621089580499840e-01
1.160292045022511376e+00 9.945781735892470499e-01
1.160560291145572798e+00 9.946922123532208060e-01
1.160828537268634442e+00 9.948042511513921493e-01
1.161096783391695864e+00 9.949143157547600813e-01
1.161365029514757508e+00 9.950224318003765278e-01
1.161633275637818929e+00 9.951286247879058688e-01
1.161901521760880573e+00 9.952329200762720651e-01
1.162169767883941995e+00 9.953353428803920488e-01
1.162438014007003639e+00 9.954359182679958229e-01
1.162706260130065061e+00 9.955346711565340456e-01
1.162974506253126705e+00 9.956316263101721020e-01
1.163242752376188127e+00 9.957268083368717715e-01
1.163510998499249771e+00 9.958202416855597150e-01
1.163779244622311193e+00 9.959119506433835589e-01
1.164047490745372837e+00 9.960019593330539101e-01
1.164315736868434259e+00 9.960902917102744114e-01
1.164583982991495903e+00 9.961769715612577292e-01
1.164852229114557325e+00 9.962620225003279151e-01
1.165120475237618969e+00 9.963454679676100323e-01
1.165388721360680391e+00 9.964273312268039362e-01
1.165656967483742035e+00 9.965076353630449857e-01
1.165925213606803457e+00 9.965864032808494644e-01
1.166193459729865101e+00 9.966636577021446008e-01
1.166461705852926523e+00 9.967394211643836321e-01
1.166729951975988167e+00 9.968137160187433565e-01
1.166998198099049588e+00 9.968865644284062855e-01
1.167266444222111232e+00 9.969579883669251741e-01
1.167534690345172654e+00 9.970280096166691530e-01
1.167802936468234076e+00 9.970966497673522388e-01
1.168071182591295720e+00 9.971639302146422246e-01
1.168339428714357364e+00 9.972298721588498394e-01
1.168607674837418786e+00 9.972944966036972891e-01
1.168875920960480208e+00 9.973578243551661782e-01
1.169144167083541852e+00 9.974198760204224801e-01
1.169412413206603496e+00 9.974806720068194466e-01
1.169680659329664918e+00 9.975402325209765664e-01
1.169948905452726340e+00 9.975985775679337975e-01
1.170217151575787984e+00 9.976557269503810721e-01
1.170485397698849628e+00 9.977117002679607438e-01
1.170753643821911050e+00 9.977665169166436421e-01
1.171021889944972472e+00 9.978201960881761812e-01
1.171290136068034116e+00 9.978727567695994116e-01
1.171558382191095760e+00 9.979242177428366833e-01
1.171826628314157182e+00 9.979745975843516970e-01
1.172094874437218603e+00 9.980239146648731685e-01
1.172363120560280247e+00 9.980721871491872177e-01
1.172631366683341891e+00 9.981194329959952594e-01
1.172899612806403313e+00 9.981656699578363989e-01
1.173167858929464735e+00 9.982109155810741097e-01
1.173436105052526379e+00 9.982551872059451936e-01
1.173704351175588023e+00 9.982985019666698046e-01
1.173972597298649445e+00 9.983408767916223114e-01
1.174240843421710867e+00 9.983823284035616696e-01
1.174509089544772511e+00 9.984228733199187467e-01
1.174777335667833933e+00 9.984625278531418235e-01
1.175045581790895577e+00 9.985013081110970523e-01
1.175313827913956999e+00 9.985392299975237584e-01
1.175582074037018643e+00 9.985763092125433671e-01
1.175850320160080065e+00 9.986125612532205098e-01
1.176118566283141709e+00 9.986480014141745354e-01
1.176386812406203131e+00 9.986826447882425350e-01
1.176655058529264775e+00 9.987165062671888860e-01
1.176923304652326197e+00 9.987496005424641998e-01
1.177191550775387840e+00 9.987819421060094571e-01
1.177459796898449262e+00 9.988135452511061052e-01
1.177728043021510906e+00 9.988444240732690105e-01
1.177996289144572328e+00 9.988745924711829316e-01
1.178264535267633972e+00 9.989040641476807370e-01
1.178532781390695394e+00 9.989328526107611461e-01
1.178801027513757038e+00 9.989609711746462173e-01
1.179069273636818460e+00 9.989884329608765823e-01
1.179337519759880104e+00 9.990152508994437630e-01
1.179605765882941526e+00 9.990414377299575710e-01
1.179874012006003170e+00 9.990670060028485899e-01
1.180142258129064592e+00 9.990919680806035208e-01
1.180410504252126236e+00 9.991163361390326125e-01
1.180678750375187658e+00 9.991401221685682899e-01
1.180946996498249302e+00 9.991633379755938682e-01
1.181215242621310724e+00 9.991859951837998022e-01
1.181483488744372146e+00 9.992081052355691329e-01
1.181751734867433790e+00 9.992296793933881371e-01
1.182019980990495434e+00 9.992507287412826233e-01
1.182288227113556855e+00 9.992712641862789846e-01
1.182556473236618277e+00 9.992912964598873460e-01
1.182824719359679921e+00 9.993108361196078038e-01
1.183092965482741565e+00 9.993298935504573155e-01
1.183361211605802987e+00 9.993484789665162404e-01
1.183629457728864409e+00 9.993666024124938652e-01
1.183897703851926053e+00 9.993842737653124697e-01
1.184165949974987697e+00 9.994015027357070480e-01
1.184434196098049119e+00 9.994182988698421255e-01
1.184702442221110541e+00 9.994346715509424550e-01
1.184970688344172185e+00 9.994506300009381450e-01
1.185238934467233829e+00 9.994661832821226666e-01
1.185507180590295251e+00 9.994813402988224071e-01
1.185775426713356673e+00 9.994961097990781029e-01
1.186043672836418317e+00 9.995105003763351537e-01
1.186311918959479961e+00 9.995245204711442621e-01
1.186580165082541383e+00 9.995381783728698455e-01
1.186848411205602805e+00 9.995514822214066619e-01
1.187116657328664449e+00 9.995644400089012116e-01
1.187384903451726093e+00 9.995770595814812420e-01
1.187653149574787514e+00 9.995893486409883621e-01
1.187921395697848936e+00 9.996013147467158744e-01
1.188189641820910580e+00 9.996129653171490492e-01
1.188457887943972224e+00 9.996243076317090637e-01
1.188726134067033646e+00 9.996353488324974945e-01
1.188994380190095068e+00 9.996460959260430323e-01
1.189262626313156712e+00 9.996565557850471961e-01
1.189530872436218134e+00 9.996667351501312693e-01
1.189799118559279778e+00 9.996766406315809039e-01
1.190067364682341200e+00 9.996862787110892823e-01
1.190335610805402844e+00 9.996956557434982793e-01
1.190603856928464266e+00 9.997047779585359617e-01
1.190872103051525910e+00 9.997136514625507564e-01
1.191140349174587332e+00 9.997222822402417330e-01
1.191408595297648976e+00 9.997306761563828914e-01
1.191676841420710398e+00 9.997388389575428969e-01
1.191945087543772042e+00 9.997467762737989316e-01
1.192213333666833464e+00 9.997544936204429966e-01
1.192481579789895108e+00 9.997619963996822179e-01
1.192749825912956529e+00 9.997692899023308266e-01
1.193018072036018173e+00 9.997763793094945894e-01
1.193286318159079595e+00 9.997832696942460240e-01
1.193554564282141239e+00 9.997899660232912877e-01
1.193822810405202661e+00 9.997964731586270748e-01
1.194091056528264305e+00 9.998027958591880759e-01
1.194359302651325727e+00 9.998089387824835583e-01
1.194627548774387371e+00 9.998149064862236202e-01
1.194895794897448793e+00 9.998207034299344542e-01
1.195164041020510437e+00 9.998263339765619540e-01
1.195432287143571859e+00 9.998318023940632182e-01
1.195700533266633503e+00 9.998371128569866206e-01
1.195968779389694925e+00 9.998422694480386674e-01
1.196237025512756347e+00 9.998472761596385316e-01
1.196505271635817991e+00 9.998521368954595978e-01
1.196773517758879635e+00 9.998568554719571289e-01
1.197041763881941057e+00 9.998614356198830544e-01
1.197310010005002479e+00 9.998658809857856600e-01
1.197578256128064123e+00 9.998701951334970639e-01
1.197846502251125766e+00 9.998743815456043738e-01
1.198114748374187188e+00 9.998784436249077423e-01
1.198382994497248610e+00 9.998823846958629913e-01
1.198651240620310254e+00 9.998862080060093582e-01
1.198919486743371898e+00 9.998899167273821442e-01
1.199187732866433320e+00 9.998935139579103737e-01
1.199455978989494742e+00 9.998970027227991331e-01
1.199724225112556386e+00 9.999003859758954782e-01
1.199992471235618030e+00 9.999036666010394647e-01
1.200260717358679452e+00 9.999068474133996354e-01
1.200528963481740874e+00 9.999099311607912988e-01
1.200797209604802518e+00 9.999129205249805974e-01
1.201065455727864162e+00 9.999158181229710340e-01
1.201333701850925584e+00 9.999186265082744551e-01
1.201601947973987006e+00 9.999213481721658248e-01
1.201870194097048650e+00 9.999239855449217895e-01
1.202138440220110294e+00 9.999265409970428120e-01
1.202406686343171716e+00 9.999290168404589840e-01
1.202674932466233138e+00 9.999314153297192975e-01
1.202943178589294781e+00 9.999337386631650393e-01
1.203211424712356203e+00 9.999359889840865323e-01
1.203479670835417847e+00 9.999381683818632238e-01
1.203747916958479269e+00 9.999402788930876751e-01
1.204016163081540913e+00 9.999423225026735640e-01
1.204284409204602335e+00 9.999443011449463681e-01
1.204552655327663979e+00 9.999462167047190597e-01
1.204820901450725401e+00 9.999480710183503707e-01
1.205089147573787045e+00 9.999498658747871804e-01
1.205357393696848467e+00 9.999516030165918057e-01
1.205625639819910111e+00 9.999532841409511930e-01
1.205893885942971533e+00 9.999549109006721226e-01
1.206162132066033177e+00 9.999564849051587601e-01
1.206430378189094599e+00 9.999580077213756635e-01
1.206698624312156243e+00 9.999594808747945818e-01
1.206966870435217665e+00 9.999609058503247105e-01
1.207235116558279309e+00 9.999622840932287371e-01
1.207503362681340731e+00 9.999636170100223431e-01
1.207771608804402375e+00 9.999649059693589415e-01
1.208039854927463796e+00 9.999661523028987586e-01
1.208308101050525440e+00 9.999673573061625964e-01
1.208576347173586862e+00 9.999685222393711603e-01
1.208844593296648506e+00 9.999696483282688453e-01
1.209112839419709928e+00 9.999707367649328660e-01
1.209381085542771572e+00 9.999717887085681767e-01
1.209649331665832994e+00 9.999728052862867367e-01
1.209917577788894416e+00 9.999737875938738974e-01
1.210185823911956060e+00 9.999747366965389128e-01
1.210454070035017704e+00 9.999756536296526832e-01
1.210722316158079126e+00 9.999765393994706209e-01
1.210990562281140548e+00 9.999773949838417497e-01
1.211258808404202192e+00 9.999782213329049263e-01
1.211527054527263836e+00 9.999790193697704055e-01
1.211795300650325258e+00 9.999797899911886390e-01
1.212063546773386680e+00 9.999805340682057508e-01
1.212331792896448324e+00 9.999812524468061348e-01
1.212600039019509968e+00 9.999819459485415063e-01
1.212868285142571390e+00 9.999826153711478538e-01
1.213136531265632811e+00 9.999832614891495108e-01
1.213404777388694455e+00 9.999838850544506830e-01
1.213673023511756099e+00 9.999844867969150952e-01
1.213941269634817521e+00 9.999850674249330940e-01
1.214209515757878943e+00 9.999856276259769805e-01
1.214477761880940587e+00 9.999861680671446873e-01
1.214746008004002231e+00 9.999866893956913527e-01
1.215014254127063653e+00 9.999871922395504598e-01
1.215282500250125075e+00 9.999876772078427623e-01
1.215550746373186719e+00 9.999881448913739979e-01
1.215818992496248363e+00 9.999885958631228311e-01
1.216087238619309785e+00 9.999890306787165839e-01
1.216355484742371207e+00 9.999894498768973072e-01
1.216623730865432851e+00 9.999898539799770836e-01
1.216891976988494273e+00 9.999902434942830043e-01
1.217160223111555917e+00 9.999906189105923771e-01
1.217428469234617339e+00 9.999909807045573862e-01
1.217696715357678983e+00 9.999913293371204270e-01
1.217964961480740405e+00 9.999916652549196705e-01
1.218233207603802049e+00 9.999919888906855236e-01
1.218501453726863470e+00 9.999923006636268763e-01
1.218769699849925114e+00 9.999926009798094650e-01
1.219037945972986536e+00 9.999928902325241342e-01
1.219306192096048180e+00 9.999931688026467702e-01
1.219574438219109602e+00 9.999934370589900201e-01
1.219842684342171246e+00 9.999936953586459065e-01
1.220110930465232668e+00 9.999939440473197827e-01
1.220379176588294312e+00 9.999941834596571821e-01
1.220647422711355734e+00 9.999944139195622306e-01
1.220915668834417378e+00 9.999946357405069541e-01
1.221183914957478800e+00 9.999948492258353694e-01
1.221452161080540444e+00 9.999950546690571374e-01
1.221720407203601866e+00 9.999952523541361105e-01
1.221988653326663510e+00 9.999954425557704418e-01
1.222256899449724932e+00 9.999956255396657001e-01
1.222525145572786576e+00 9.999958015628011010e-01
1.222793391695847998e+00 9.999959708736890773e-01
1.223061637818909642e+00 9.999961337126276328e-01
1.223329883941971064e+00 9.999962903119464785e-01
1.223598130065032707e+00 9.999964408962469520e-01
1.223866376188094129e+00 9.999965856826350530e-01
1.224134622311155773e+00 9.999967248809489284e-01
1.224402868434217195e+00 9.999968586939794735e-01
1.224671114557278617e+00 9.999969873176864921e-01
1.224939360680340261e+00 9.999971109414073078e-01
1.225207606803401905e+00 9.999972297480607120e-01
1.225475852926463327e+00 9.999973439143458043e-01
1.225744099049524749e+00 9.999974536109342838e-01
1.226012345172586393e+00 9.999975590026582983e-01
1.226280591295648037e+00 9.999976602486932986e-01
1.226548837418709459e+00 9.999977575027344523e-01
1.226817083541770881e+00 9.999978509131699500e-01
1.227085329664832525e+00 9.999979406232485379e-01
1.227353575787894169e+00 9.999980267712423876e-01
1.227621821910955591e+00 9.999981094906050805e-01
1.227890068034017013e+00 9.999981889101263732e-01
1.228158314157078657e+00 9.999982651540809675e-01
1.228426560280140301e+00 9.999983383423739491e-01
1.228694806403201722e+00 9.999984085906817866e-01
1.228963052526263144e+00 9.999984760105897763e-01
1.229231298649324788e+00 9.999985407097243817e-01
1.229499544772386432e+00 9.999986027918827958e-01
1.229767790895447854e+00 9.999986623571586186e-01
1.230036037018509276e+00 9.999987195020627606e-01
1.230304283141570920e+00 9.999987743196421253e-01
1.230572529264632564e+00 9.999988268995942953e-01
1.230840775387693986e+00 9.999988773283785548e-01
1.231109021510755408e+00 9.999989256893235812e-01
1.231377267633817052e+00 9.999989720627322498e-01
1.231645513756878474e+00 9.999990165259833308e-01
1.231913759879940118e+00 9.999990591536297435e-01
1.232182006003001540e+00 9.999991000174937028e-01
1.232450252126063184e+00 9.999991391867599777e-01
1.232718498249124606e+00 9.999991767280645982e-01
1.232986744372186250e+00 9.999992127055826741e-01
1.233254990495247672e+00 9.999992471811118833e-01
1.233523236618309316e+00 9.999992802141547399e-01
1.233791482741370737e+00 9.999993118619973087e-01
1.234059728864432381e+00 9.999993421797856996e-01
1.234327974987493803e+00 9.999993712206006746e-01
1.234596221110555447e+00 9.999993990355291462e-01
1.234864467233616869e+00 9.999994256737338993e-01
1.235132713356678513e+00 9.999994511825209820e-01
1.235400959479739935e+00 9.999994756074047642e-01
1.235669205602801579e+00 9.999994989921712207e-01
1.235937451725863001e+00 9.999995213789391046e-01
1.236205697848924645e+00 9.999995428082187887e-01
1.236473943971986067e+00 9.999995633189699973e-01
1.236742190095047711e+00 9.999995829486564292e-01
1.237010436218109133e+00 9.999996017332997145e-01
1.237278682341170777e+00 9.999996197075313731e-01
1.237546928464232199e+00 9.999996369046426636e-01
1.237815174587293843e+00 9.999996533566327672e-01
1.238083420710355265e+00 9.999996690942561939e-01
1.238351666833416687e+00 9.999996841470676356e-01
1.238619912956478331e+00 9.999996985434654873e-01
1.238888159079539975e+00 9.999997123107348118e-01
1.239156405202601396e+00 9.999997254750878639e-01
1.239424651325662818e+00 9.999997380617031695e-01
1.239692897448724462e+00 9.999997500947642726e-01
1.239961143571786106e+00 9.999997615974965948e-01
1.240229389694847528e+00 9.999997725922021852e-01
1.240497635817908950e+00 9.999997831002952475e-01
1.240765881940970594e+00 9.999997931423342257e-01
1.241034128064032238e+00 9.999998027380547772e-01
1.241302374187093660e+00 9.999998119064000823e-01
1.241570620310155082e+00 9.999998206655511535e-01
1.241838866433216726e+00 9.999998290329550343e-01
1.242107112556278370e+00 9.999998370253534441e-01
1.242375358679339792e+00 9.999998446588086454e-01
1.242643604802401214e+00 9.999998519487302007e-01
1.242911850925462858e+00 9.999998589098993973e-01
1.243180097048524502e+00 9.999998655564934502e-01
1.243448343171585924e+00 9.999998719021091498e-01
1.243716589294647346e+00 9.999998779597844001e-01
1.243984835417708990e+00 9.999998837420207565e-01
1.244253081540770633e+00 9.999998892608032985e-01
1.244521327663832055e+00 9.999998945276218354e-01
1.244789573786893477e+00 9.999998995534890023e-01
1.245057819909955121e+00 9.999999043489598005e-01
1.245326066033016543e+00 9.999999089241494721e-01
1.245594312156078187e+00 9.999999132887500419e-01
1.245862558279139609e+00 9.999999174520480816e-01
1.246130804402201253e+00 9.999999214229400302e-01
1.246399050525262675e+00 9.999999252099476266e-01
1.246667296648324319e+00 9.999999288212332305e-01
1.246935542771385741e+00 9.999999322646142552e-01
1.247203788894447385e+00 9.999999355475761575e-01
1.247472035017508807e+00 9.999999386772864263e-01
1.247740281140570451e+00 9.999999416606074609e-01
1.248008527263631873e+00 9.999999445041080071e-01
1.248276773386693517e+00 9.999999472140762569e-01
1.248545019509754939e+00 9.999999497965301742e-01
1.248813265632816361e+00 9.999999522572291522e-01
1.249081511755878005e+00 9.999999546016840046e-01
1.249349757878939648e+00 9.999999568351677359e-01
1.249618004002001070e+00 9.999999589627244223e-01
1.249886250125062492e+00 9.999999609891795371e-01
1.250154496248124136e+00 9.999999629191486106e-01
1.250422742371185780e+00 9.999999647570456673e-01
1.250690988494247202e+00 9.999999665070915533e-01
1.250959234617308624e+00 9.999999681733223733e-01
1.251227480740370268e+00 9.999999697595969295e-01
1.251495726863431912e+00 9.999999712696041598e-01
1.251763972986493334e+00 9.999999727068699107e-01
1.252032219109554756e+00 9.999999740747644861e-01
1.252300465232616400e+00 9.999999753765083099e-01
1.252568711355678044e+00 9.999999766151792535e-01
1.252836957478739466e+00 9.999999777937176315e-01
1.253105203601800888e+00 9.999999789149328633e-01
1.253373449724862532e+00 9.999999799815084689e-01
1.253641695847924176e+00 9.999999809960075092e-01
1.253909941970985598e+00 9.999999819608781371e-01
1.254178188094047020e+00 9.999999828784580380e-01
1.254446434217108663e+00 9.999999837509794265e-01
1.254714680340170307e+00 9.999999845805737086e-01
1.254982926463231729e+00 9.999999853692753682e-01
1.255251172586293151e+00 9.999999861190264072e-01
1.255519418709354795e+00 9.999999868316805651e-01
1.255787664832416439e+00 9.999999875090067603e-01
1.256055910955477861e+00 9.999999881526931977e-01
1.256324157078539283e+00 9.999999887643504781e-01
1.256592403201600927e+00 9.999999893455152611e-01
1.256860649324662571e+00 9.999999898976533741e-01
1.257128895447723993e+00 9.999999904221631430e-01
1.257397141570785415e+00 9.999999909203780568e-01
1.257665387693847059e+00 9.999999913935697649e-01
1.257933633816908703e+00 9.999999918429510748e-01
1.258201879939970125e+00 9.999999922696781729e-01
1.258470126063031547e+00 9.999999926748530665e-01
1.258738372186093191e+00 9.999999930595266928e-01
1.259006618309154835e+00 9.999999934247002509e-01
1.259274864432216257e+00 9.999999937713283105e-01
1.259543110555277678e+00 9.999999941003203663e-01
1.259811356678339322e+00 9.999999944125428364e-01
1.260079602801400966e+00 9.999999947088215047e-01
1.260347848924462388e+00 9.999999949899429641e-01
1.260616095047523810e+00 9.999999952566562822e-01
1.260884341170585454e+00 9.999999955096751103e-01
1.261152587293647098e+00 9.999999957496787939e-01
1.261420833416708520e+00 9.999999959773145930e-01
1.261689079539769942e+00 9.999999961931986814e-01
1.261957325662831586e+00 9.999999963979172568e-01
1.262225571785893230e+00 9.999999965920289835e-01
1.262493817908954430e+00 9.999999967760652142e-01
1.262762064032016074e+00 9.999999969505316555e-01
1.263030310155077718e+00 9.999999971159098111e-01
1.263298556278139140e+00 9.999999972726575370e-01
1.263566802401200562e+00 9.999999974212107068e-01
1.263835048524262206e+00 9.999999975619837667e-01
1.264103294647323850e+00 9.999999976953710679e-01
1.264371540770385272e+00 9.999999978217475327e-01
1.264639786893446693e+00 9.999999979414699869e-01
1.264908033016508337e+00 9.999999980548777145e-01
1.265176279139569981e+00 9.999999981622929024e-01
1.265444525262631403e+00 9.999999982640224161e-01
1.265712771385692825e+00 9.999999983603575782e-01
1.265981017508754469e+00 9.999999984515756113e-01
1.266249263631816113e+00 9.999999985379395273e-01
1.266517509754877535e+00 9.999999986196997925e-01
1.266785755877938957e+00 9.999999986970942167e-01
1.267054002001000601e+00 9.999999987703483972e-01
1.267322248124062245e+00 9.999999988396772732e-01
1.267590494247123667e+00 9.999999989052844596e-01
1.267858740370185089e+00 9.999999989673640233e-01
1.268126986493246733e+00 9.999999990260993732e-01
1.268395232616308377e+00 9.999999990816654805e-01
1.268663478739369799e+00 9.999999991342281014e-01
1.268931724862431221e+00 9.999999991839446656e-01
1.269199970985492865e+00 9.999999992309644981e-01
1.269468217108554509e+00 9.999999992754297073e-01
1.269736463231615931e+00 9.999999993174748525e-01
1.270004709354677352e+00 9.999999993572277202e-01
1.270272955477738996e+00 9.999999993948094357e-01
1.270541201600800640e+00 9.999999994303353512e-01
1.270809447723862062e+00 9.999999994639143797e-01
1.271077693846923484e+00 9.999999994956502158e-01
1.271345939969985128e+00 9.999999995256410035e-01
1.271614186093046772e+00 9.999999995539798903e-01
1.271882432216108194e+00 9.999999995807551390e-01
1.272150678339169616e+00 9.999999996060506824e-01
1.272418924462231260e+00 9.999999996299457905e-01
1.272687170585292904e+00 9.999999996525158474e-01
1.272955416708354326e+00 9.999999996738322405e-01
1.273223662831415748e+00 9.999999996939625824e-01
1.273491908954477392e+00 9.999999997129710438e-01
1.273760155077539036e+00 9.999999997309183541e-01
1.274028401200600458e+00 9.999999997478619118e-01
1.274296647323661880e+00 9.999999997638564508e-01
1.274564893446723524e+00 9.999999997789535966e-01
1.274833139569785168e+00 9.999999997932023099e-01
1.275101385692846589e+00 9.999999998066488871e-01
1.275369631815908011e+00 9.999999998193374040e-01
1.275637877938969655e+00 9.999999998313091609e-01
1.275906124062031299e+00 9.999999998426036818e-01
1.276174370185092721e+00 9.999999998532581591e-01
1.276442616308154143e+00 9.999999998633077869e-01
1.276710862431215787e+00 9.999999998727860939e-01
1.276979108554277209e+00 9.999999998817247215e-01
1.277247354677338631e+00 9.999999998901534237e-01
1.277515600800400275e+00 9.999999998981006222e-01
1.277783846923461919e+00 9.999999999055929623e-01
1.278052093046523341e+00 9.999999999126558681e-01
1.278320339169584763e+00 9.999999999193133204e-01
1.278588585292646407e+00 9.999999999255879679e-01
1.278856831415708051e+00 9.999999999315011268e-01
1.279125077538769473e+00 9.999999999370731141e-01
1.279393323661830895e+00 9.999999999423230257e-01
1.279661569784892539e+00 9.999999999472691803e-01
1.279929815907954183e+00 9.999999999519285643e-01
1.280198062031015604e+00 9.999999999563174979e-01
1.280466308154077026e+00 9.999999999604509693e-01
1.280734554277138670e+00 9.999999999643437443e-01
1.281002800400200314e+00 9.999999999680093676e-01
1.281271046523261736e+00 9.999999999714608290e-01
1.281539292646323158e+00 9.999999999747102297e-01
1.281807538769384802e+00 9.999999999777691162e-01
1.282075784892446446e+00 9.999999999806484796e-01
1.282344031015507868e+00 9.999999999833584230e-01
1.282612277138569290e+00 9.999999999859087163e-01
1.282880523261630934e+00 9.999999999883085744e-01
1.283148769384692578e+00 9.999999999905665460e-01
1.283417015507754000e+00 9.999999999926909577e-01
1.283685261630815422e+00 9.999999999946894702e-01
1.283953507753877066e+00 9.999999999965691888e-01
1.284221753876938710e+00 9.999999999983372190e-01
1.284490000000000132e+00 1.000000000000000000e+00
